LOCATION,INDICATOR,SUBJECT,MEASURE,FREQUENCY,TIME,Value,Flag Codes
AUS,CPI,TOT,AGRWTH,A,1965,3.405573,
AUS,CPI,TOT,AGRWTH,A,1966,3.293413,
AUS,CPI,TOT,AGRWTH,A,1967,3.478261,
AUS,CPI,TOT,AGRWTH,A,1968,2.521008,
AUS,CPI,TOT,AGRWTH,A,1969,3.278688,
AUS,CPI,TOT,AGRWTH,A,1970,3.439153,
AUS,CPI,TOT,AGRWTH,A,1971,6.138107,
AUS,CPI,TOT,AGRWTH,A,1972,6.024096,
AUS,CPI,TOT,AGRWTH,A,1973,9.090909,
AUS,CPI,TOT,AGRWTH,A,1974,15.41667,
AUS,CPI,TOT,AGRWTH,A,1975,15.16245,
AUS,CPI,TOT,AGRWTH,A,1976,13.32288,
AUS,CPI,TOT,AGRWTH,A,1977,12.30982,
AUS,CPI,TOT,AGRWTH,A,1978,8.004926,
AUS,CPI,TOT,AGRWTH,A,1979,9.122006,
AUS,CPI,TOT,AGRWTH,A,1980,10.13584,
AUS,CPI,TOT,AGRWTH,A,1981,9.487666,
AUS,CPI,TOT,AGRWTH,A,1982,11.35182,
AUS,CPI,TOT,AGRWTH,A,1983,10.03891,
AUS,CPI,TOT,AGRWTH,A,1984,3.960396,
AUS,CPI,TOT,AGRWTH,A,1985,6.734694,
AUS,CPI,TOT,AGRWTH,A,1986,9.05035,
AUS,CPI,TOT,AGRWTH,A,1987,8.533022,
AUS,CPI,TOT,AGRWTH,A,1988,7.21594,
AUS,CPI,TOT,AGRWTH,A,1989,7.533903,
AUS,CPI,TOT,AGRWTH,A,1990,7.333022,
AUS,CPI,TOT,AGRWTH,A,1991,3.176675,
AUS,CPI,TOT,AGRWTH,A,1992,1.012231,
AUS,CPI,TOT,AGRWTH,A,1993,1.753653,
AUS,CPI,TOT,AGRWTH,A,1994,1.969635,
AUS,CPI,TOT,AGRWTH,A,1995,4.627767,
AUS,CPI,TOT,AGRWTH,A,1996,2.615385,
AUS,CPI,TOT,AGRWTH,A,1997,0.2248875,
AUS,CPI,TOT,AGRWTH,A,1998,0.8601346,
AUS,CPI,TOT,AGRWTH,A,1999,1.483129,
AUS,CPI,TOT,AGRWTH,A,2000,4.457435,
AUS,CPI,TOT,AGRWTH,A,2001,4.407135,
AUS,CPI,TOT,AGRWTH,A,2002,2.981575,
AUS,CPI,TOT,AGRWTH,A,2003,2.732596,
AUS,CPI,TOT,AGRWTH,A,2004,2.343255,
AUS,CPI,TOT,AGRWTH,A,2005,2.691832,
AUS,CPI,TOT,AGRWTH,A,2006,3.555288,
AUS,CPI,TOT,AGRWTH,A,2007,2.327611,
AUS,CPI,TOT,AGRWTH,A,2008,4.350298,
AUS,CPI,TOT,AGRWTH,A,2009,1.771117,
AUS,CPI,TOT,AGRWTH,A,2010,2.91834,
AUS,CPI,TOT,AGRWTH,A,2011,3.30385,
AUS,CPI,TOT,AGRWTH,A,2012,1.76278,
AUS,CPI,TOT,AGRWTH,A,2013,2.449889,
AUS,CPI,TOT,AGRWTH,A,2014,2.487923,
AUS,CPI,TOT,AGRWTH,A,2015,1.508367,
AUS,CPI,TOT,AGRWTH,A,2016,1.276991,
AUS,CPI,TOT,AGRWTH,A,2017,1.948647,
AUS,CPI,TOT,AGRWTH,A,2018,1.911401,
AUS,CPI,TOT,AGRWTH,A,2019,1.610768,
AUT,CPI,TOT,AGRWTH,A,1965,4.930911,
AUT,CPI,TOT,AGRWTH,A,1966,2.054821,
AUT,CPI,TOT,AGRWTH,A,1967,3.974669,
AUT,CPI,TOT,AGRWTH,A,1968,2.764866,
AUT,CPI,TOT,AGRWTH,A,1969,3.080402,
AUT,CPI,TOT,AGRWTH,A,1970,4.372826,
AUT,CPI,TOT,AGRWTH,A,1971,4.704262,
AUT,CPI,TOT,AGRWTH,A,1972,6.355141,
AUT,CPI,TOT,AGRWTH,A,1973,7.531081,
AUT,CPI,TOT,AGRWTH,A,1974,9.521791,
AUT,CPI,TOT,AGRWTH,A,1975,8.445255,
AUT,CPI,TOT,AGRWTH,A,1976,7.318689,
AUT,CPI,TOT,AGRWTH,A,1977,5.49461,
AUT,CPI,TOT,AGRWTH,A,1978,3.574322,
AUT,CPI,TOT,AGRWTH,A,1979,3.707406,
AUT,CPI,TOT,AGRWTH,A,1980,6.328318,
AUT,CPI,TOT,AGRWTH,A,1981,6.803043,
AUT,CPI,TOT,AGRWTH,A,1982,5.436026,
AUT,CPI,TOT,AGRWTH,A,1983,3.339167,
AUT,CPI,TOT,AGRWTH,A,1984,5.663189,
AUT,CPI,TOT,AGRWTH,A,1985,3.189511,
AUT,CPI,TOT,AGRWTH,A,1986,1.705446,
AUT,CPI,TOT,AGRWTH,A,1987,1.401955,
AUT,CPI,TOT,AGRWTH,A,1988,1.91572,
AUT,CPI,TOT,AGRWTH,A,1989,2.568347,
AUT,CPI,TOT,AGRWTH,A,1990,3.261872,
AUT,CPI,TOT,AGRWTH,A,1991,3.337426,
AUT,CPI,TOT,AGRWTH,A,1992,4.020847,
AUT,CPI,TOT,AGRWTH,A,1993,3.631786,
AUT,CPI,TOT,AGRWTH,A,1994,2.953407,
AUT,CPI,TOT,AGRWTH,A,1995,2.243364,
AUT,CPI,TOT,AGRWTH,A,1996,1.860974,
AUT,CPI,TOT,AGRWTH,A,1997,1.305983,
AUT,CPI,TOT,AGRWTH,A,1998,0.9224669,
AUT,CPI,TOT,AGRWTH,A,1999,0.5689865,
AUT,CPI,TOT,AGRWTH,A,2000,2.344868,
AUT,CPI,TOT,AGRWTH,A,2001,2.65,
AUT,CPI,TOT,AGRWTH,A,2002,1.810359,
AUT,CPI,TOT,AGRWTH,A,2003,1.355554,
AUT,CPI,TOT,AGRWTH,A,2004,2.061207,
AUT,CPI,TOT,AGRWTH,A,2005,2.299138,
AUT,CPI,TOT,AGRWTH,A,2006,1.441547,
AUT,CPI,TOT,AGRWTH,A,2007,2.168556,
AUT,CPI,TOT,AGRWTH,A,2008,3.215951,
AUT,CPI,TOT,AGRWTH,A,2009,0.5063094,
AUT,CPI,TOT,AGRWTH,A,2010,1.813532,
AUT,CPI,TOT,AGRWTH,A,2011,3.286583,
AUT,CPI,TOT,AGRWTH,A,2012,2.485675,
AUT,CPI,TOT,AGRWTH,A,2013,2.000158,
AUT,CPI,TOT,AGRWTH,A,2014,1.605806,
AUT,CPI,TOT,AGRWTH,A,2015,0.8965653,
AUT,CPI,TOT,AGRWTH,A,2016,0.8915924,
AUT,CPI,TOT,AGRWTH,A,2017,2.081269,
AUT,CPI,TOT,AGRWTH,A,2018,1.998382,
AUT,CPI,TOT,AGRWTH,A,2019,1.530896,
BEL,CPI,TOT,AGRWTH,A,1965,4.065199,
BEL,CPI,TOT,AGRWTH,A,1966,4.174351,
BEL,CPI,TOT,AGRWTH,A,1967,2.730299,
BEL,CPI,TOT,AGRWTH,A,1968,2.701455,
BEL,CPI,TOT,AGRWTH,A,1969,3.753992,
BEL,CPI,TOT,AGRWTH,A,1970,3.90847,
BEL,CPI,TOT,AGRWTH,A,1971,4.343628,
BEL,CPI,TOT,AGRWTH,A,1972,5.448432,
BEL,CPI,TOT,AGRWTH,A,1973,6.955278,
BEL,CPI,TOT,AGRWTH,A,1974,12.67789,
BEL,CPI,TOT,AGRWTH,A,1975,12.7682,
BEL,CPI,TOT,AGRWTH,A,1976,9.068606,
BEL,CPI,TOT,AGRWTH,A,1977,7.095997,
BEL,CPI,TOT,AGRWTH,A,1978,4.470595,
BEL,CPI,TOT,AGRWTH,A,1979,4.469084,
BEL,CPI,TOT,AGRWTH,A,1980,6.64869,
BEL,CPI,TOT,AGRWTH,A,1981,7.627487,
BEL,CPI,TOT,AGRWTH,A,1982,8.726549,
BEL,CPI,TOT,AGRWTH,A,1983,7.66161,
BEL,CPI,TOT,AGRWTH,A,1984,6.341776,
BEL,CPI,TOT,AGRWTH,A,1985,4.86873,
BEL,CPI,TOT,AGRWTH,A,1986,1.294371,
BEL,CPI,TOT,AGRWTH,A,1987,1.55338,
BEL,CPI,TOT,AGRWTH,A,1988,1.160936,
BEL,CPI,TOT,AGRWTH,A,1989,3.107053,
BEL,CPI,TOT,AGRWTH,A,1990,3.44831,
BEL,CPI,TOT,AGRWTH,A,1991,3.215311,
BEL,CPI,TOT,AGRWTH,A,1992,2.427956,
BEL,CPI,TOT,AGRWTH,A,1993,2.754426,
BEL,CPI,TOT,AGRWTH,A,1994,2.377545,
BEL,CPI,TOT,AGRWTH,A,1995,1.467961,
BEL,CPI,TOT,AGRWTH,A,1996,2.077025,
BEL,CPI,TOT,AGRWTH,A,1997,1.62816,
BEL,CPI,TOT,AGRWTH,A,1998,0.9492503,
BEL,CPI,TOT,AGRWTH,A,1999,1.120848,
BEL,CPI,TOT,AGRWTH,A,2000,2.544518,
BEL,CPI,TOT,AGRWTH,A,2001,2.469258,
BEL,CPI,TOT,AGRWTH,A,2002,1.645214,
BEL,CPI,TOT,AGRWTH,A,2003,1.588964,
BEL,CPI,TOT,AGRWTH,A,2004,2.097283,
BEL,CPI,TOT,AGRWTH,A,2005,2.781433,
BEL,CPI,TOT,AGRWTH,A,2006,1.791208,
BEL,CPI,TOT,AGRWTH,A,2007,1.823056,
BEL,CPI,TOT,AGRWTH,A,2008,4.489444,
BEL,CPI,TOT,AGRWTH,A,2009,-0.05314567,
BEL,CPI,TOT,AGRWTH,A,2010,2.189299,
BEL,CPI,TOT,AGRWTH,A,2011,3.532082,
BEL,CPI,TOT,AGRWTH,A,2012,2.839664,
BEL,CPI,TOT,AGRWTH,A,2013,1.113096,
BEL,CPI,TOT,AGRWTH,A,2014,0.3400028,
BEL,CPI,TOT,AGRWTH,A,2015,0.5614291,
BEL,CPI,TOT,AGRWTH,A,2016,1.973853,
BEL,CPI,TOT,AGRWTH,A,2017,2.125971,
BEL,CPI,TOT,AGRWTH,A,2018,2.053165,
BEL,CPI,TOT,AGRWTH,A,2019,1.43682,
CAN,CPI,TOT,AGRWTH,A,1965,2.332657,
CAN,CPI,TOT,AGRWTH,A,1966,3.815659,
CAN,CPI,TOT,AGRWTH,A,1967,3.579952,
CAN,CPI,TOT,AGRWTH,A,1968,4.0553,
CAN,CPI,TOT,AGRWTH,A,1969,4.561559,
CAN,CPI,TOT,AGRWTH,A,1970,3.34604,
CAN,CPI,TOT,AGRWTH,A,1971,2.704918,
CAN,CPI,TOT,AGRWTH,A,1972,4.988029,
CAN,CPI,TOT,AGRWTH,A,1973,7.487647,
CAN,CPI,TOT,AGRWTH,A,1974,10.99717,
CAN,CPI,TOT,AGRWTH,A,1975,10.67219,
CAN,CPI,TOT,AGRWTH,A,1976,7.541739,
CAN,CPI,TOT,AGRWTH,A,1977,7.976445,
CAN,CPI,TOT,AGRWTH,A,1978,8.973723,
CAN,CPI,TOT,AGRWTH,A,1979,9.144677,
CAN,CPI,TOT,AGRWTH,A,1980,10.12922,
CAN,CPI,TOT,AGRWTH,A,1981,12.47161,
CAN,CPI,TOT,AGRWTH,A,1982,10.76897,
CAN,CPI,TOT,AGRWTH,A,1983,5.863588,
CAN,CPI,TOT,AGRWTH,A,1984,4.304778,
CAN,CPI,TOT,AGRWTH,A,1985,3.962031,
CAN,CPI,TOT,AGRWTH,A,1986,4.194786,
CAN,CPI,TOT,AGRWTH,A,1987,4.356109,
CAN,CPI,TOT,AGRWTH,A,1988,4.028234,
CAN,CPI,TOT,AGRWTH,A,1989,4.983622,
CAN,CPI,TOT,AGRWTH,A,1990,4.780477,
CAN,CPI,TOT,AGRWTH,A,1991,5.625864,
CAN,CPI,TOT,AGRWTH,A,1992,1.490133,
CAN,CPI,TOT,AGRWTH,A,1993,1.865079,
CAN,CPI,TOT,AGRWTH,A,1994,0.1655629,
CAN,CPI,TOT,AGRWTH,A,1995,2.14876,
CAN,CPI,TOT,AGRWTH,A,1996,1.570531,
CAN,CPI,TOT,AGRWTH,A,1997,1.621216,
CAN,CPI,TOT,AGRWTH,A,1998,0.9959425,
CAN,CPI,TOT,AGRWTH,A,1999,1.734843,
CAN,CPI,TOT,AGRWTH,A,2000,2.71944,
CAN,CPI,TOT,AGRWTH,A,2001,2.52512,
CAN,CPI,TOT,AGRWTH,A,2002,2.258394,
CAN,CPI,TOT,AGRWTH,A,2003,2.758563,
CAN,CPI,TOT,AGRWTH,A,2004,1.857259,
CAN,CPI,TOT,AGRWTH,A,2005,2.213552,
CAN,CPI,TOT,AGRWTH,A,2006,2.002025,
CAN,CPI,TOT,AGRWTH,A,2007,2.138384,
CAN,CPI,TOT,AGRWTH,A,2008,2.370271,
CAN,CPI,TOT,AGRWTH,A,2009,0.2994668,
CAN,CPI,TOT,AGRWTH,A,2010,1.776872,
CAN,CPI,TOT,AGRWTH,A,2011,2.912135,
CAN,CPI,TOT,AGRWTH,A,2012,1.515678,
CAN,CPI,TOT,AGRWTH,A,2013,0.9382919,
CAN,CPI,TOT,AGRWTH,A,2014,1.906636,
CAN,CPI,TOT,AGRWTH,A,2015,1.125241,
CAN,CPI,TOT,AGRWTH,A,2016,1.42876,
CAN,CPI,TOT,AGRWTH,A,2017,1.596884,
CAN,CPI,TOT,AGRWTH,A,2018,2.268226,
CAN,CPI,TOT,AGRWTH,A,2019,1.949269,
CZE,CPI,TOT,AGRWTH,A,1992,11.0865,
CZE,CPI,TOT,AGRWTH,A,1993,20.81303,
CZE,CPI,TOT,AGRWTH,A,1994,10.03942,
CZE,CPI,TOT,AGRWTH,A,1995,8.990531,
CZE,CPI,TOT,AGRWTH,A,1996,8.758775,
CZE,CPI,TOT,AGRWTH,A,1997,8.596157,
CZE,CPI,TOT,AGRWTH,A,1998,10.69837,
CZE,CPI,TOT,AGRWTH,A,1999,2.135448,
CZE,CPI,TOT,AGRWTH,A,2000,3.775388,
CZE,CPI,TOT,AGRWTH,A,2001,4.662675,
CZE,CPI,TOT,AGRWTH,A,2002,1.902981,
CZE,CPI,TOT,AGRWTH,A,2003,0.1187392,
CZE,CPI,TOT,AGRWTH,A,2004,2.760108,
CZE,CPI,TOT,AGRWTH,A,2005,1.857098,
CZE,CPI,TOT,AGRWTH,A,2006,2.533993,
CZE,CPI,TOT,AGRWTH,A,2007,2.853124,
CZE,CPI,TOT,AGRWTH,A,2008,6.358664,
CZE,CPI,TOT,AGRWTH,A,2009,1.019377,
CZE,CPI,TOT,AGRWTH,A,2010,1.472727,
CZE,CPI,TOT,AGRWTH,A,2011,1.917219,
CZE,CPI,TOT,AGRWTH,A,2012,3.287623,
CZE,CPI,TOT,AGRWTH,A,2013,1.438298,
CZE,CPI,TOT,AGRWTH,A,2014,0.3439886,
CZE,CPI,TOT,AGRWTH,A,2015,0.3093646,
CZE,CPI,TOT,AGRWTH,A,2016,0.6835042,
CZE,CPI,TOT,AGRWTH,A,2017,2.450534,
CZE,CPI,TOT,AGRWTH,A,2018,2.149495,
CZE,CPI,TOT,AGRWTH,A,2019,2.847876,
DNK,CPI,TOT,AGRWTH,A,1967,7.695135,
DNK,CPI,TOT,AGRWTH,A,1968,8.005187,
DNK,CPI,TOT,AGRWTH,A,1969,3.487931,
DNK,CPI,TOT,AGRWTH,A,1970,6.514837,
DNK,CPI,TOT,AGRWTH,A,1971,5.869877,
DNK,CPI,TOT,AGRWTH,A,1972,6.562348,
DNK,CPI,TOT,AGRWTH,A,1973,9.303389,
DNK,CPI,TOT,AGRWTH,A,1974,15.2752,
DNK,CPI,TOT,AGRWTH,A,1975,9.605614,
DNK,CPI,TOT,AGRWTH,A,1976,9.010302,
DNK,CPI,TOT,AGRWTH,A,1977,10.92224,
DNK,CPI,TOT,AGRWTH,A,1978,10.21365,
DNK,CPI,TOT,AGRWTH,A,1979,9.611055,
DNK,CPI,TOT,AGRWTH,A,1980,12.30532,
DNK,CPI,TOT,AGRWTH,A,1981,11.76739,
DNK,CPI,TOT,AGRWTH,A,1982,10.12082,
DNK,CPI,TOT,AGRWTH,A,1983,6.908229,
DNK,CPI,TOT,AGRWTH,A,1984,6.290782,
DNK,CPI,TOT,AGRWTH,A,1985,4.678746,
DNK,CPI,TOT,AGRWTH,A,1986,3.678187,
DNK,CPI,TOT,AGRWTH,A,1987,4.01999,
DNK,CPI,TOT,AGRWTH,A,1988,4.535135,
DNK,CPI,TOT,AGRWTH,A,1989,4.772727,
DNK,CPI,TOT,AGRWTH,A,1990,2.6416,
DNK,CPI,TOT,AGRWTH,A,1991,2.395153,
DNK,CPI,TOT,AGRWTH,A,1992,2.096042,
DNK,CPI,TOT,AGRWTH,A,1993,1.257862,
DNK,CPI,TOT,AGRWTH,A,1994,1.992014,
DNK,CPI,TOT,AGRWTH,A,1995,2.083605,
DNK,CPI,TOT,AGRWTH,A,1996,2.1263,
DNK,CPI,TOT,AGRWTH,A,1997,2.182167,
DNK,CPI,TOT,AGRWTH,A,1998,1.845651,
DNK,CPI,TOT,AGRWTH,A,1999,2.497795,
DNK,CPI,TOT,AGRWTH,A,2000,2.903277,
DNK,CPI,TOT,AGRWTH,A,2001,2.337875,
DNK,CPI,TOT,AGRWTH,A,2002,2.424437,
DNK,CPI,TOT,AGRWTH,A,2003,2.075078,
DNK,CPI,TOT,AGRWTH,A,2004,1.154357,
DNK,CPI,TOT,AGRWTH,A,2005,1.817815,
DNK,CPI,TOT,AGRWTH,A,2006,1.924221,
DNK,CPI,TOT,AGRWTH,A,2007,1.693266,
DNK,CPI,TOT,AGRWTH,A,2008,3.416268,
DNK,CPI,TOT,AGRWTH,A,2009,1.30471,
DNK,CPI,TOT,AGRWTH,A,2010,2.310924,
DNK,CPI,TOT,AGRWTH,A,2011,2.758682,
DNK,CPI,TOT,AGRWTH,A,2012,2.397915,
DNK,CPI,TOT,AGRWTH,A,2013,0.7890718,
DNK,CPI,TOT,AGRWTH,A,2014,0.5640205,
DNK,CPI,TOT,AGRWTH,A,2015,0.4520341,
DNK,CPI,TOT,AGRWTH,A,2016,0.25,
DNK,CPI,TOT,AGRWTH,A,2017,1.147132,
DNK,CPI,TOT,AGRWTH,A,2018,0.8136095,
DNK,CPI,TOT,AGRWTH,A,2019,0.7581316,
FIN,CPI,TOT,AGRWTH,A,1965,4.940588,
FIN,CPI,TOT,AGRWTH,A,1966,3.873659,
FIN,CPI,TOT,AGRWTH,A,1967,5.377779,
FIN,CPI,TOT,AGRWTH,A,1968,9.191667,
FIN,CPI,TOT,AGRWTH,A,1969,2.205602,
FIN,CPI,TOT,AGRWTH,A,1970,2.740442,
FIN,CPI,TOT,AGRWTH,A,1971,6.475761,
FIN,CPI,TOT,AGRWTH,A,1972,6.662487,
FIN,CPI,TOT,AGRWTH,A,1973,10.75448,
FIN,CPI,TOT,AGRWTH,A,1974,16.93639,
FIN,CPI,TOT,AGRWTH,A,1975,17.81139,
FIN,CPI,TOT,AGRWTH,A,1976,14.3427,
FIN,CPI,TOT,AGRWTH,A,1977,11.79335,
FIN,CPI,TOT,AGRWTH,A,1978,7.79935,
FIN,CPI,TOT,AGRWTH,A,1979,7.466955,
FIN,CPI,TOT,AGRWTH,A,1980,11.59462,
FIN,CPI,TOT,AGRWTH,A,1981,11.30575,
FIN,CPI,TOT,AGRWTH,A,1982,9.58493,
FIN,CPI,TOT,AGRWTH,A,1983,8.366291,
FIN,CPI,TOT,AGRWTH,A,1984,7.067658,
FIN,CPI,TOT,AGRWTH,A,1985,5.195623,
FIN,CPI,TOT,AGRWTH,A,1986,2.933578,
FIN,CPI,TOT,AGRWTH,A,1987,4.113027,
FIN,CPI,TOT,AGRWTH,A,1988,5.085932,
FIN,CPI,TOT,AGRWTH,A,1989,6.592911,
FIN,CPI,TOT,AGRWTH,A,1990,6.149561,
FIN,CPI,TOT,AGRWTH,A,1991,4.310215,
FIN,CPI,TOT,AGRWTH,A,1992,2.919323,
FIN,CPI,TOT,AGRWTH,A,1993,2.190654,
FIN,CPI,TOT,AGRWTH,A,1994,1.088558,
FIN,CPI,TOT,AGRWTH,A,1995,0.7912362,
FIN,CPI,TOT,AGRWTH,A,1996,0.6291981,
FIN,CPI,TOT,AGRWTH,A,1997,1.192557,
FIN,CPI,TOT,AGRWTH,A,1998,1.399471,
FIN,CPI,TOT,AGRWTH,A,1999,1.162237,
FIN,CPI,TOT,AGRWTH,A,2000,3.042096,
FIN,CPI,TOT,AGRWTH,A,2001,2.578441,
FIN,CPI,TOT,AGRWTH,A,2002,1.571221,
FIN,CPI,TOT,AGRWTH,A,2003,0.8774385,
FIN,CPI,TOT,AGRWTH,A,2004,0.1871234,
FIN,CPI,TOT,AGRWTH,A,2005,0.6238712,
FIN,CPI,TOT,AGRWTH,A,2006,1.566667,
FIN,CPI,TOT,AGRWTH,A,2007,2.510666,
FIN,CPI,TOT,AGRWTH,A,2008,4.065952,
FIN,CPI,TOT,AGRWTH,A,2009,-1.22217E-14,
FIN,CPI,TOT,AGRWTH,A,2010,1.184135,
FIN,CPI,TOT,AGRWTH,A,2011,3.416809,
FIN,CPI,TOT,AGRWTH,A,2012,2.808332,
FIN,CPI,TOT,AGRWTH,A,2013,1.478288,
FIN,CPI,TOT,AGRWTH,A,2014,1.0412,
FIN,CPI,TOT,AGRWTH,A,2015,-0.207932,
FIN,CPI,TOT,AGRWTH,A,2016,0.3566845,
FIN,CPI,TOT,AGRWTH,A,2017,0.754015,
FIN,CPI,TOT,AGRWTH,A,2018,1.083821,
FIN,CPI,TOT,AGRWTH,A,2019,1.024094,
FRA,CPI,TOT,AGRWTH,A,1965,2.703119,
FRA,CPI,TOT,AGRWTH,A,1966,2.601979,
FRA,CPI,TOT,AGRWTH,A,1967,2.791785,
FRA,CPI,TOT,AGRWTH,A,1968,4.543192,
FRA,CPI,TOT,AGRWTH,A,1969,6.045974,
FRA,CPI,TOT,AGRWTH,A,1970,5.299646,
FRA,CPI,TOT,AGRWTH,A,1971,5.397514,
FRA,CPI,TOT,AGRWTH,A,1972,6.063004,
FRA,CPI,TOT,AGRWTH,A,1973,7.380597,
FRA,CPI,TOT,AGRWTH,A,1974,13.64932,
FRA,CPI,TOT,AGRWTH,A,1975,11.68593,
FRA,CPI,TOT,AGRWTH,A,1976,9.625493,
FRA,CPI,TOT,AGRWTH,A,1977,9.494556,
FRA,CPI,TOT,AGRWTH,A,1978,9.250559,
FRA,CPI,TOT,AGRWTH,A,1979,10.64674,
FRA,CPI,TOT,AGRWTH,A,1980,13.56258,
FRA,CPI,TOT,AGRWTH,A,1981,13.3144,
FRA,CPI,TOT,AGRWTH,A,1982,11.97848,
FRA,CPI,TOT,AGRWTH,A,1983,9.459548,
FRA,CPI,TOT,AGRWTH,A,1984,7.673803,
FRA,CPI,TOT,AGRWTH,A,1985,5.831099,
FRA,CPI,TOT,AGRWTH,A,1986,2.538527,
FRA,CPI,TOT,AGRWTH,A,1987,3.288898,
FRA,CPI,TOT,AGRWTH,A,1988,2.700817,
FRA,CPI,TOT,AGRWTH,A,1989,3.498302,
FRA,CPI,TOT,AGRWTH,A,1990,3.194282,
FRA,CPI,TOT,AGRWTH,A,1991,3.213407,
FRA,CPI,TOT,AGRWTH,A,1992,2.36376,
FRA,CPI,TOT,AGRWTH,A,1993,2.104463,
FRA,CPI,TOT,AGRWTH,A,1994,1.655515,
FRA,CPI,TOT,AGRWTH,A,1995,1.796481,
FRA,CPI,TOT,AGRWTH,A,1996,1.982884,
FRA,CPI,TOT,AGRWTH,A,1997,1.203943,
FRA,CPI,TOT,AGRWTH,A,1998,0.6511269,
FRA,CPI,TOT,AGRWTH,A,1999,0.5371416,
FRA,CPI,TOT,AGRWTH,A,2000,1.67596,
FRA,CPI,TOT,AGRWTH,A,2001,1.634781,
FRA,CPI,TOT,AGRWTH,A,2002,1.923412,
FRA,CPI,TOT,AGRWTH,A,2003,2.098472,
FRA,CPI,TOT,AGRWTH,A,2004,2.14209,
FRA,CPI,TOT,AGRWTH,A,2005,1.745869,
FRA,CPI,TOT,AGRWTH,A,2006,1.675125,
FRA,CPI,TOT,AGRWTH,A,2007,1.487998,
FRA,CPI,TOT,AGRWTH,A,2008,2.812862,
FRA,CPI,TOT,AGRWTH,A,2009,0.08762048,
FRA,CPI,TOT,AGRWTH,A,2010,1.531123,
FRA,CPI,TOT,AGRWTH,A,2011,2.111598,
FRA,CPI,TOT,AGRWTH,A,2012,1.954195,
FRA,CPI,TOT,AGRWTH,A,2013,0.8637155,
FRA,CPI,TOT,AGRWTH,A,2014,0.5077588,
FRA,CPI,TOT,AGRWTH,A,2015,0.03751438,
FRA,CPI,TOT,AGRWTH,A,2016,0.1833349,
FRA,CPI,TOT,AGRWTH,A,2017,1.032283,
FRA,CPI,TOT,AGRWTH,A,2018,1.850815,
FRA,CPI,TOT,AGRWTH,A,2019,1.108255,
DEU,CPI,TOT,AGRWTH,A,1965,3.242321,
DEU,CPI,TOT,AGRWTH,A,1966,3.533058,
DEU,CPI,TOT,AGRWTH,A,1967,1.796049,
DEU,CPI,TOT,AGRWTH,A,1968,1.4703,
DEU,CPI,TOT,AGRWTH,A,1969,1.912674,
DEU,CPI,TOT,AGRWTH,A,1970,3.450237,
DEU,CPI,TOT,AGRWTH,A,1971,5.240975,
DEU,CPI,TOT,AGRWTH,A,1972,5.484938,
DEU,CPI,TOT,AGRWTH,A,1973,7.032024,
DEU,CPI,TOT,AGRWTH,A,1974,6.986428,
DEU,CPI,TOT,AGRWTH,A,1975,5.910336,
DEU,CPI,TOT,AGRWTH,A,1976,4.246631,
DEU,CPI,TOT,AGRWTH,A,1977,3.734169,
DEU,CPI,TOT,AGRWTH,A,1978,2.718691,
DEU,CPI,TOT,AGRWTH,A,1979,4.043622,
DEU,CPI,TOT,AGRWTH,A,1980,5.441055,
DEU,CPI,TOT,AGRWTH,A,1981,6.344242,
DEU,CPI,TOT,AGRWTH,A,1982,5.241046,
DEU,CPI,TOT,AGRWTH,A,1983,3.293413,
DEU,CPI,TOT,AGRWTH,A,1984,2.405797,
DEU,CPI,TOT,AGRWTH,A,1985,2.066233,
DEU,CPI,TOT,AGRWTH,A,1986,-0.1294139,
DEU,CPI,TOT,AGRWTH,A,1987,0.2499074,
DEU,CPI,TOT,AGRWTH,A,1988,1.274121,
DEU,CPI,TOT,AGRWTH,A,1989,2.780563,
DEU,CPI,TOT,AGRWTH,A,1990,2.69647,
DEU,CPI,TOT,AGRWTH,A,1991,4.047034,
DEU,CPI,TOT,AGRWTH,A,1992,5.05698,
DEU,CPI,TOT,AGRWTH,A,1993,4.474576,
DEU,CPI,TOT,AGRWTH,A,1994,2.693056,
DEU,CPI,TOT,AGRWTH,A,1995,1.706161,
DEU,CPI,TOT,AGRWTH,A,1996,1.449726,
DEU,CPI,TOT,AGRWTH,A,1997,1.939369,
DEU,CPI,TOT,AGRWTH,A,1998,0.9111845,
DEU,CPI,TOT,AGRWTH,A,1999,0.5854336,
DEU,CPI,TOT,AGRWTH,A,2000,1.440268,
DEU,CPI,TOT,AGRWTH,A,2001,1.983857,
DEU,CPI,TOT,AGRWTH,A,2002,1.420807,
DEU,CPI,TOT,AGRWTH,A,2003,1.034223,
DEU,CPI,TOT,AGRWTH,A,2004,1.665736,
DEU,CPI,TOT,AGRWTH,A,2005,1.546911,
DEU,CPI,TOT,AGRWTH,A,2006,1.577429,
DEU,CPI,TOT,AGRWTH,A,2007,2.298341,
DEU,CPI,TOT,AGRWTH,A,2008,2.628383,
DEU,CPI,TOT,AGRWTH,A,2009,0.3127377,
DEU,CPI,TOT,AGRWTH,A,2010,1.103809,
DEU,CPI,TOT,AGRWTH,A,2011,2.075173,
DEU,CPI,TOT,AGRWTH,A,2012,2.008491,
DEU,CPI,TOT,AGRWTH,A,2013,1.504722,
DEU,CPI,TOT,AGRWTH,A,2014,0.9067971,
DEU,CPI,TOT,AGRWTH,A,2015,0.514421,
DEU,CPI,TOT,AGRWTH,A,2016,0.4917486,
DEU,CPI,TOT,AGRWTH,A,2017,1.509497,
DEU,CPI,TOT,AGRWTH,A,2018,1.732168,
DEU,CPI,TOT,AGRWTH,A,2019,1.445667,
GRC,CPI,TOT,AGRWTH,A,1965,3.220859,
GRC,CPI,TOT,AGRWTH,A,1966,4.903418,
GRC,CPI,TOT,AGRWTH,A,1967,1.84136,
GRC,CPI,TOT,AGRWTH,A,1968,0.1390821,
GRC,CPI,TOT,AGRWTH,A,1969,2.638889,
GRC,CPI,TOT,AGRWTH,A,1970,2.841678,
GRC,CPI,TOT,AGRWTH,A,1971,3.289474,
GRC,CPI,TOT,AGRWTH,A,1972,4.33121,
GRC,CPI,TOT,AGRWTH,A,1973,15.38461,
GRC,CPI,TOT,AGRWTH,A,1974,26.56085,
GRC,CPI,TOT,AGRWTH,A,1975,13.62876,
GRC,CPI,TOT,AGRWTH,A,1976,13.02428,
GRC,CPI,TOT,AGRWTH,A,1977,12.36979,
GRC,CPI,TOT,AGRWTH,A,1978,12.57242,
GRC,CPI,TOT,AGRWTH,A,1979,19.09418,
GRC,CPI,TOT,AGRWTH,A,1980,24.67589,
GRC,CPI,TOT,AGRWTH,A,1981,24.50607,
GRC,CPI,TOT,AGRWTH,A,1982,20.99109,
GRC,CPI,TOT,AGRWTH,A,1983,20.17948,
GRC,CPI,TOT,AGRWTH,A,1984,18.45683,
GRC,CPI,TOT,AGRWTH,A,1985,19.31469,
GRC,CPI,TOT,AGRWTH,A,1986,23.01544,
GRC,CPI,TOT,AGRWTH,A,1987,16.39687,
GRC,CPI,TOT,AGRWTH,A,1988,13.52886,
GRC,CPI,TOT,AGRWTH,A,1989,13.65556,
GRC,CPI,TOT,AGRWTH,A,1990,20.43349,
GRC,CPI,TOT,AGRWTH,A,1991,19.45585,
GRC,CPI,TOT,AGRWTH,A,1992,15.87707,
GRC,CPI,TOT,AGRWTH,A,1993,14.41127,
GRC,CPI,TOT,AGRWTH,A,1994,10.87408,
GRC,CPI,TOT,AGRWTH,A,1995,8.934514,
GRC,CPI,TOT,AGRWTH,A,1996,8.194549,
GRC,CPI,TOT,AGRWTH,A,1997,5.536003,
GRC,CPI,TOT,AGRWTH,A,1998,4.766226,
GRC,CPI,TOT,AGRWTH,A,1999,2.636638,
GRC,CPI,TOT,AGRWTH,A,2000,3.151177,
GRC,CPI,TOT,AGRWTH,A,2001,3.373966,
GRC,CPI,TOT,AGRWTH,A,2002,3.629363,
GRC,CPI,TOT,AGRWTH,A,2003,3.530651,
GRC,CPI,TOT,AGRWTH,A,2004,2.898848,
GRC,CPI,TOT,AGRWTH,A,2005,3.545073,
GRC,CPI,TOT,AGRWTH,A,2006,3.195946,
GRC,CPI,TOT,AGRWTH,A,2007,2.895001,
GRC,CPI,TOT,AGRWTH,A,2008,4.152796,
GRC,CPI,TOT,AGRWTH,A,2009,1.210074,
GRC,CPI,TOT,AGRWTH,A,2010,4.712982,
GRC,CPI,TOT,AGRWTH,A,2011,3.32987,
GRC,CPI,TOT,AGRWTH,A,2012,1.50152,
GRC,CPI,TOT,AGRWTH,A,2013,-0.922165,
GRC,CPI,TOT,AGRWTH,A,2014,-1.311209,
GRC,CPI,TOT,AGRWTH,A,2015,-1.736046,
GRC,CPI,TOT,AGRWTH,A,2016,-0.8256576,
GRC,CPI,TOT,AGRWTH,A,2017,1.121259,
GRC,CPI,TOT,AGRWTH,A,2018,0.6256205,
GRC,CPI,TOT,AGRWTH,A,2019,0.2529927,
HUN,CPI,TOT,AGRWTH,A,1981,4.66141,
HUN,CPI,TOT,AGRWTH,A,1982,6.835808,
HUN,CPI,TOT,AGRWTH,A,1983,7.279892,
HUN,CPI,TOT,AGRWTH,A,1984,8.467859,
HUN,CPI,TOT,AGRWTH,A,1985,6.94234,
HUN,CPI,TOT,AGRWTH,A,1986,5.291667,
HUN,CPI,TOT,AGRWTH,A,1987,8.674317,
HUN,CPI,TOT,AGRWTH,A,1988,15.72355,
HUN,CPI,TOT,AGRWTH,A,1989,17.14915,
HUN,CPI,TOT,AGRWTH,A,1990,28.36959,
HUN,CPI,TOT,AGRWTH,A,1991,34.81754,
HUN,CPI,TOT,AGRWTH,A,1992,23.65572,
HUN,CPI,TOT,AGRWTH,A,1993,22.46424,
HUN,CPI,TOT,AGRWTH,A,1994,18.86808,
HUN,CPI,TOT,AGRWTH,A,1995,28.30546,
HUN,CPI,TOT,AGRWTH,A,1996,23.46903,
HUN,CPI,TOT,AGRWTH,A,1997,18.30508,
HUN,CPI,TOT,AGRWTH,A,1998,14.15379,
HUN,CPI,TOT,AGRWTH,A,1999,9.997744,
HUN,CPI,TOT,AGRWTH,A,2000,9.803608,
HUN,CPI,TOT,AGRWTH,A,2001,9.116809,
HUN,CPI,TOT,AGRWTH,A,2002,5.265448,
HUN,CPI,TOT,AGRWTH,A,2003,4.661017,
HUN,CPI,TOT,AGRWTH,A,2004,6.744347,
HUN,CPI,TOT,AGRWTH,A,2005,3.561517,
HUN,CPI,TOT,AGRWTH,A,2006,3.930326,
HUN,CPI,TOT,AGRWTH,A,2007,7.958745,
HUN,CPI,TOT,AGRWTH,A,2008,6.042512,
HUN,CPI,TOT,AGRWTH,A,2009,4.211712,
HUN,CPI,TOT,AGRWTH,A,2010,4.855558,
HUN,CPI,TOT,AGRWTH,A,2011,3.929921,
HUN,CPI,TOT,AGRWTH,A,2012,5.652145,
HUN,CPI,TOT,AGRWTH,A,2013,1.7332,
HUN,CPI,TOT,AGRWTH,A,2014,-0.2275663,
HUN,CPI,TOT,AGRWTH,A,2015,-0.06164468,
HUN,CPI,TOT,AGRWTH,A,2016,0.3947693,
HUN,CPI,TOT,AGRWTH,A,2017,2.348243,
HUN,CPI,TOT,AGRWTH,A,2018,2.850248,
HUN,CPI,TOT,AGRWTH,A,2019,3.338586,
ISL,CPI,TOT,AGRWTH,A,1965,7.317073,
ISL,CPI,TOT,AGRWTH,A,1966,10.68665,
ISL,CPI,TOT,AGRWTH,A,1967,3.320227,
ISL,CPI,TOT,AGRWTH,A,1976,32.35112,
ISL,CPI,TOT,AGRWTH,A,1977,30.31674,
ISL,CPI,TOT,AGRWTH,A,1978,43.75,
ISL,CPI,TOT,AGRWTH,A,1979,44.44444,
ISL,CPI,TOT,AGRWTH,A,1980,58.52843,
ISL,CPI,TOT,AGRWTH,A,1981,51.79325,
ISL,CPI,TOT,AGRWTH,A,1982,50.24323,
ISL,CPI,TOT,AGRWTH,A,1983,83.95004,
ISL,CPI,TOT,AGRWTH,A,1984,30.8524,
ISL,CPI,TOT,AGRWTH,A,1985,31.99462,
ISL,CPI,TOT,AGRWTH,A,1986,22.1284,
ISL,CPI,TOT,AGRWTH,A,1987,18.29777,
ISL,CPI,TOT,AGRWTH,A,1988,25.72551,
ISL,CPI,TOT,AGRWTH,A,1989,20.7582,
ISL,CPI,TOT,AGRWTH,A,1990,15.51072,
ISL,CPI,TOT,AGRWTH,A,1991,6.80878,
ISL,CPI,TOT,AGRWTH,A,1992,3.947712,
ISL,CPI,TOT,AGRWTH,A,1993,4.04285,
ISL,CPI,TOT,AGRWTH,A,1994,1.552657,
ISL,CPI,TOT,AGRWTH,A,1995,1.651232,
ISL,CPI,TOT,AGRWTH,A,1996,2.260421,
ISL,CPI,TOT,AGRWTH,A,1997,1.815431,
ISL,CPI,TOT,AGRWTH,A,1998,1.659237,
ISL,CPI,TOT,AGRWTH,A,1999,3.231831,
ISL,CPI,TOT,AGRWTH,A,2000,5.136475,
ISL,CPI,TOT,AGRWTH,A,2001,6.405086,
ISL,CPI,TOT,AGRWTH,A,2002,5.197023,
ISL,CPI,TOT,AGRWTH,A,2003,2.055662,
ISL,CPI,TOT,AGRWTH,A,2004,3.158195,
ISL,CPI,TOT,AGRWTH,A,2005,3.987048,
ISL,CPI,TOT,AGRWTH,A,2006,6.687074,
ISL,CPI,TOT,AGRWTH,A,2007,5.051564,
ISL,CPI,TOT,AGRWTH,A,2008,12.6944,
ISL,CPI,TOT,AGRWTH,A,2009,12.00312,
ISL,CPI,TOT,AGRWTH,A,2010,5.396732,
ISL,CPI,TOT,AGRWTH,A,2011,4.001026,
ISL,CPI,TOT,AGRWTH,A,2012,5.1859,
ISL,CPI,TOT,AGRWTH,A,2013,3.872275,
ISL,CPI,TOT,AGRWTH,A,2014,2.044619,
ISL,CPI,TOT,AGRWTH,A,2015,1.633058,
ISL,CPI,TOT,AGRWTH,A,2016,1.69693,
ISL,CPI,TOT,AGRWTH,A,2017,1.760413,
ISL,CPI,TOT,AGRWTH,A,2018,2.682915,
ISL,CPI,TOT,AGRWTH,A,2019,3.013977,
IRL,CPI,TOT,AGRWTH,A,1976,17.90648,
IRL,CPI,TOT,AGRWTH,A,1977,13.47222,
IRL,CPI,TOT,AGRWTH,A,1978,7.711138,
IRL,CPI,TOT,AGRWTH,A,1979,13.29545,
IRL,CPI,TOT,AGRWTH,A,1980,18.15446,
IRL,CPI,TOT,AGRWTH,A,1981,20.37351,
IRL,CPI,TOT,AGRWTH,A,1982,17.14711,
IRL,CPI,TOT,AGRWTH,A,1983,10.44763,
IRL,CPI,TOT,AGRWTH,A,1984,8.65111,
IRL,CPI,TOT,AGRWTH,A,1985,5.395495,
IRL,CPI,TOT,AGRWTH,A,1986,3.827038,
IRL,CPI,TOT,AGRWTH,A,1987,3.159406,
IRL,CPI,TOT,AGRWTH,A,1988,2.134571,
IRL,CPI,TOT,AGRWTH,A,1989,4.08905,
IRL,CPI,TOT,AGRWTH,A,1990,3.317329,
IRL,CPI,TOT,AGRWTH,A,1991,3.210815,
IRL,CPI,TOT,AGRWTH,A,1992,3.069996,
IRL,CPI,TOT,AGRWTH,A,1993,1.46942,
IRL,CPI,TOT,AGRWTH,A,1994,2.309198,
IRL,CPI,TOT,AGRWTH,A,1995,2.524866,
IRL,CPI,TOT,AGRWTH,A,1996,1.753731,
IRL,CPI,TOT,AGRWTH,A,1997,1.525605,
IRL,CPI,TOT,AGRWTH,A,1998,2.415518,
IRL,CPI,TOT,AGRWTH,A,1999,1.631924,
IRL,CPI,TOT,AGRWTH,A,2000,5.590717,
IRL,CPI,TOT,AGRWTH,A,2001,4.872905,
IRL,CPI,TOT,AGRWTH,A,2002,4.614733,
IRL,CPI,TOT,AGRWTH,A,2003,3.49049,
IRL,CPI,TOT,AGRWTH,A,2004,2.199629,
IRL,CPI,TOT,AGRWTH,A,2005,2.429692,
IRL,CPI,TOT,AGRWTH,A,2006,3.93164,
IRL,CPI,TOT,AGRWTH,A,2007,4.897116,
IRL,CPI,TOT,AGRWTH,A,2008,4.060305,
IRL,CPI,TOT,AGRWTH,A,2009,-4.478103,
IRL,CPI,TOT,AGRWTH,A,2010,-0.9220958,
IRL,CPI,TOT,AGRWTH,A,2011,2.557189,
IRL,CPI,TOT,AGRWTH,A,2012,1.696209,
IRL,CPI,TOT,AGRWTH,A,2013,0.5087149,
IRL,CPI,TOT,AGRWTH,A,2014,0.1825423,
IRL,CPI,TOT,AGRWTH,A,2015,-0.2898791,
IRL,CPI,TOT,AGRWTH,A,2016,0.008306338,
IRL,CPI,TOT,AGRWTH,A,2017,0.3405316,
IRL,CPI,TOT,AGRWTH,A,2018,0.4883702,
IRL,CPI,TOT,AGRWTH,A,2019,0.9390445,
ITA,CPI,TOT,AGRWTH,A,1965,4.519271,
ITA,CPI,TOT,AGRWTH,A,1966,2.346591,
ITA,CPI,TOT,AGRWTH,A,1967,3.733333,
ITA,CPI,TOT,AGRWTH,A,1968,1.277314,
ITA,CPI,TOT,AGRWTH,A,1969,2.657254,
ITA,CPI,TOT,AGRWTH,A,1970,4.96832,
ITA,CPI,TOT,AGRWTH,A,1971,4.791667,
ITA,CPI,TOT,AGRWTH,A,1972,5.749503,
ITA,CPI,TOT,AGRWTH,A,1973,10.79862,
ITA,CPI,TOT,AGRWTH,A,1974,19.15977,
ITA,CPI,TOT,AGRWTH,A,1975,16.9505,
ITA,CPI,TOT,AGRWTH,A,1976,16.61417,
ITA,CPI,TOT,AGRWTH,A,1977,17.13004,
ITA,CPI,TOT,AGRWTH,A,1978,12.09402,
ITA,CPI,TOT,AGRWTH,A,1979,14.79858,
ITA,CPI,TOT,AGRWTH,A,1980,21.06417,
ITA,CPI,TOT,AGRWTH,A,1981,17.9693,
ITA,CPI,TOT,AGRWTH,A,1982,16.48041,
ITA,CPI,TOT,AGRWTH,A,1983,14.64659,
ITA,CPI,TOT,AGRWTH,A,1984,10.79449,
ITA,CPI,TOT,AGRWTH,A,1985,9.205993,
ITA,CPI,TOT,AGRWTH,A,1986,5.823544,
ITA,CPI,TOT,AGRWTH,A,1987,4.747284,
ITA,CPI,TOT,AGRWTH,A,1988,5.058249,
ITA,CPI,TOT,AGRWTH,A,1989,6.259837,
ITA,CPI,TOT,AGRWTH,A,1990,6.456608,
ITA,CPI,TOT,AGRWTH,A,1991,6.25,
ITA,CPI,TOT,AGRWTH,A,1992,5.270588,
ITA,CPI,TOT,AGRWTH,A,1993,4.626732,
ITA,CPI,TOT,AGRWTH,A,1994,4.051841,
ITA,CPI,TOT,AGRWTH,A,1995,5.235423,
ITA,CPI,TOT,AGRWTH,A,1996,4.00698,
ITA,CPI,TOT,AGRWTH,A,1997,2.043106,
ITA,CPI,TOT,AGRWTH,A,1998,1.955088,
ITA,CPI,TOT,AGRWTH,A,1999,1.663458,
ITA,CPI,TOT,AGRWTH,A,2000,2.537687,
ITA,CPI,TOT,AGRWTH,A,2001,2.785166,
ITA,CPI,TOT,AGRWTH,A,2002,2.46532,
ITA,CPI,TOT,AGRWTH,A,2003,2.672559,
ITA,CPI,TOT,AGRWTH,A,2004,2.206736,
ITA,CPI,TOT,AGRWTH,A,2005,1.985294,
ITA,CPI,TOT,AGRWTH,A,2006,2.090843,
ITA,CPI,TOT,AGRWTH,A,2007,1.829738,
ITA,CPI,TOT,AGRWTH,A,2008,3.347834,
ITA,CPI,TOT,AGRWTH,A,2009,0.7747682,
ITA,CPI,TOT,AGRWTH,A,2010,1.525516,
ITA,CPI,TOT,AGRWTH,A,2011,2.780633,
ITA,CPI,TOT,AGRWTH,A,2012,3.041363,
ITA,CPI,TOT,AGRWTH,A,2013,1.219992,
ITA,CPI,TOT,AGRWTH,A,2014,0.2410575,
ITA,CPI,TOT,AGRWTH,A,2015,0.03878675,
ITA,CPI,TOT,AGRWTH,A,2016,-0.0940214,
ITA,CPI,TOT,AGRWTH,A,2017,1.226533,
ITA,CPI,TOT,AGRWTH,A,2018,1.137488,
ITA,CPI,TOT,AGRWTH,A,2019,0.6112469,
JPN,CPI,TOT,AGRWTH,A,1965,6.656003,
JPN,CPI,TOT,AGRWTH,A,1966,5.040826,
JPN,CPI,TOT,AGRWTH,A,1967,3.989847,
JPN,CPI,TOT,AGRWTH,A,1968,5.339436,
JPN,CPI,TOT,AGRWTH,A,1969,5.249819,
JPN,CPI,TOT,AGRWTH,A,1970,6.924173,
JPN,CPI,TOT,AGRWTH,A,1971,6.395349,
JPN,CPI,TOT,AGRWTH,A,1972,4.843517,
JPN,CPI,TOT,AGRWTH,A,1973,11.60862,
JPN,CPI,TOT,AGRWTH,A,1974,23.22225,
JPN,CPI,TOT,AGRWTH,A,1975,11.73127,
JPN,CPI,TOT,AGRWTH,A,1976,9.374037,
JPN,CPI,TOT,AGRWTH,A,1977,8.161827,
JPN,CPI,TOT,AGRWTH,A,1978,4.209566,
JPN,CPI,TOT,AGRWTH,A,1979,3.701851,
JPN,CPI,TOT,AGRWTH,A,1980,7.778582,
JPN,CPI,TOT,AGRWTH,A,1981,4.912163,
JPN,CPI,TOT,AGRWTH,A,1982,2.741041,
JPN,CPI,TOT,AGRWTH,A,1983,1.89972,
JPN,CPI,TOT,AGRWTH,A,1984,2.261614,
JPN,CPI,TOT,AGRWTH,A,1985,2.032277,
JPN,CPI,TOT,AGRWTH,A,1986,0.5955868,
JPN,CPI,TOT,AGRWTH,A,1987,0.1261768,
JPN,CPI,TOT,AGRWTH,A,1988,0.6785576,
JPN,CPI,TOT,AGRWTH,A,1989,2.27229,
JPN,CPI,TOT,AGRWTH,A,1990,3.078516,
JPN,CPI,TOT,AGRWTH,A,1991,3.251438,
JPN,CPI,TOT,AGRWTH,A,1992,1.760283,
JPN,CPI,TOT,AGRWTH,A,1993,1.243046,
JPN,CPI,TOT,AGRWTH,A,1994,0.6954581,
JPN,CPI,TOT,AGRWTH,A,1995,-0.1278991,
JPN,CPI,TOT,AGRWTH,A,1996,0.1366004,
JPN,CPI,TOT,AGRWTH,A,1997,1.747805,
JPN,CPI,TOT,AGRWTH,A,1998,0.6619742,
JPN,CPI,TOT,AGRWTH,A,1999,-0.3412969,
JPN,CPI,TOT,AGRWTH,A,2000,-0.6765787,
JPN,CPI,TOT,AGRWTH,A,2001,-0.7400555,
JPN,CPI,TOT,AGRWTH,A,2002,-0.923494,
JPN,CPI,TOT,AGRWTH,A,2003,-0.2565418,
JPN,CPI,TOT,AGRWTH,A,2004,-0.008573388,
JPN,CPI,TOT,AGRWTH,A,2005,-0.2829461,
JPN,CPI,TOT,AGRWTH,A,2006,0.2493551,
JPN,CPI,TOT,AGRWTH,A,2007,0.06003945,
JPN,CPI,TOT,AGRWTH,A,2008,1.380079,
JPN,CPI,TOT,AGRWTH,A,2009,-1.352837,
JPN,CPI,TOT,AGRWTH,A,2010,-0.7199794,
JPN,CPI,TOT,AGRWTH,A,2011,-0.2676336,
JPN,CPI,TOT,AGRWTH,A,2012,-0.05193906,
JPN,CPI,TOT,AGRWTH,A,2013,0.3464403,
JPN,CPI,TOT,AGRWTH,A,2014,2.761954,
JPN,CPI,TOT,AGRWTH,A,2015,0.7895179,
JPN,CPI,TOT,AGRWTH,A,2016,-0.1166667,
JPN,CPI,TOT,AGRWTH,A,2017,0.4672118,
JPN,CPI,TOT,AGRWTH,A,2018,0.9799037,
JPN,CPI,TOT,AGRWTH,A,2019,0.4769737,
KOR,CPI,TOT,AGRWTH,A,1965,13.5482,
KOR,CPI,TOT,AGRWTH,A,1966,11.26139,
KOR,CPI,TOT,AGRWTH,A,1967,10.88244,
KOR,CPI,TOT,AGRWTH,A,1968,10.77182,
KOR,CPI,TOT,AGRWTH,A,1969,12.38956,
KOR,CPI,TOT,AGRWTH,A,1970,15.95034,
KOR,CPI,TOT,AGRWTH,A,1971,13.51171,
KOR,CPI,TOT,AGRWTH,A,1972,11.68898,
KOR,CPI,TOT,AGRWTH,A,1973,3.221026,
KOR,CPI,TOT,AGRWTH,A,1974,24.3042,
KOR,CPI,TOT,AGRWTH,A,1975,25.24926,
KOR,CPI,TOT,AGRWTH,A,1976,15.32731,
KOR,CPI,TOT,AGRWTH,A,1977,10.09667,
KOR,CPI,TOT,AGRWTH,A,1978,14.46028,
KOR,CPI,TOT,AGRWTH,A,1979,18.32349,
KOR,CPI,TOT,AGRWTH,A,1980,28.6976,
KOR,CPI,TOT,AGRWTH,A,1981,21.35165,
KOR,CPI,TOT,AGRWTH,A,1982,7.190846,
KOR,CPI,TOT,AGRWTH,A,1983,3.420608,
KOR,CPI,TOT,AGRWTH,A,1984,2.273957,
KOR,CPI,TOT,AGRWTH,A,1985,2.45911,
KOR,CPI,TOT,AGRWTH,A,1986,2.74998,
KOR,CPI,TOT,AGRWTH,A,1987,3.04966,
KOR,CPI,TOT,AGRWTH,A,1988,7.146101,
KOR,CPI,TOT,AGRWTH,A,1989,5.70016,
KOR,CPI,TOT,AGRWTH,A,1990,8.573599,
KOR,CPI,TOT,AGRWTH,A,1991,9.333361,
KOR,CPI,TOT,AGRWTH,A,1992,6.212678,
KOR,CPI,TOT,AGRWTH,A,1993,4.801103,
KOR,CPI,TOT,AGRWTH,A,1994,6.265815,
KOR,CPI,TOT,AGRWTH,A,1995,4.480687,
KOR,CPI,TOT,AGRWTH,A,1996,4.924809,
KOR,CPI,TOT,AGRWTH,A,1997,4.439064,
KOR,CPI,TOT,AGRWTH,A,1998,7.51334,
KOR,CPI,TOT,AGRWTH,A,1999,0.8129966,
KOR,CPI,TOT,AGRWTH,A,2000,2.259185,
KOR,CPI,TOT,AGRWTH,A,2001,4.06642,
KOR,CPI,TOT,AGRWTH,A,2002,2.762511,
KOR,CPI,TOT,AGRWTH,A,2003,3.514879,
KOR,CPI,TOT,AGRWTH,A,2004,3.590591,
KOR,CPI,TOT,AGRWTH,A,2005,2.75409,
KOR,CPI,TOT,AGRWTH,A,2006,2.241847,
KOR,CPI,TOT,AGRWTH,A,2007,2.534847,
KOR,CPI,TOT,AGRWTH,A,2008,4.673796,
KOR,CPI,TOT,AGRWTH,A,2009,2.756686,
KOR,CPI,TOT,AGRWTH,A,2010,2.939181,
KOR,CPI,TOT,AGRWTH,A,2011,4.025846,
KOR,CPI,TOT,AGRWTH,A,2012,2.187221,
KOR,CPI,TOT,AGRWTH,A,2013,1.301377,
KOR,CPI,TOT,AGRWTH,A,2014,1.274715,
KOR,CPI,TOT,AGRWTH,A,2015,0.7062082,
KOR,CPI,TOT,AGRWTH,A,2016,0.9716747,
KOR,CPI,TOT,AGRWTH,A,2017,1.944456,
KOR,CPI,TOT,AGRWTH,A,2018,1.475862,
KOR,CPI,TOT,AGRWTH,A,2019,0.3829461,
LUX,CPI,TOT,AGRWTH,A,1965,3.333687,
LUX,CPI,TOT,AGRWTH,A,1966,3.331667,
LUX,CPI,TOT,AGRWTH,A,1967,2.166164,
LUX,CPI,TOT,AGRWTH,A,1968,2.62543,
LUX,CPI,TOT,AGRWTH,A,1969,2.294439,
LUX,CPI,TOT,AGRWTH,A,1970,4.639342,
LUX,CPI,TOT,AGRWTH,A,1971,4.672219,
LUX,CPI,TOT,AGRWTH,A,1972,5.225689,
LUX,CPI,TOT,AGRWTH,A,1973,6.068099,
LUX,CPI,TOT,AGRWTH,A,1974,9.540651,
LUX,CPI,TOT,AGRWTH,A,1975,10.71768,
LUX,CPI,TOT,AGRWTH,A,1976,9.797338,
LUX,CPI,TOT,AGRWTH,A,1977,6.705498,
LUX,CPI,TOT,AGRWTH,A,1978,3.094658,
LUX,CPI,TOT,AGRWTH,A,1979,4.546524,
LUX,CPI,TOT,AGRWTH,A,1980,6.299902,
LUX,CPI,TOT,AGRWTH,A,1981,8.07295,
LUX,CPI,TOT,AGRWTH,A,1982,9.35705,
LUX,CPI,TOT,AGRWTH,A,1983,8.669271,
LUX,CPI,TOT,AGRWTH,A,1984,6.435856,
LUX,CPI,TOT,AGRWTH,A,1985,4.093587,
LUX,CPI,TOT,AGRWTH,A,1986,0.294565,
LUX,CPI,TOT,AGRWTH,A,1987,-0.05666491,
LUX,CPI,TOT,AGRWTH,A,1988,1.436591,
LUX,CPI,TOT,AGRWTH,A,1989,3.370963,
LUX,CPI,TOT,AGRWTH,A,1990,3.253765,
LUX,CPI,TOT,AGRWTH,A,1991,3.118359,
LUX,CPI,TOT,AGRWTH,A,1992,3.154169,
LUX,CPI,TOT,AGRWTH,A,1993,3.588104,
LUX,CPI,TOT,AGRWTH,A,1994,2.19476,
LUX,CPI,TOT,AGRWTH,A,1995,1.867698,
LUX,CPI,TOT,AGRWTH,A,1996,1.183861,
LUX,CPI,TOT,AGRWTH,A,1997,1.367511,
LUX,CPI,TOT,AGRWTH,A,1998,0.9585662,
LUX,CPI,TOT,AGRWTH,A,1999,1.025194,
LUX,CPI,TOT,AGRWTH,A,2000,3.150768,
LUX,CPI,TOT,AGRWTH,A,2001,2.663822,
LUX,CPI,TOT,AGRWTH,A,2002,2.074089,
LUX,CPI,TOT,AGRWTH,A,2003,2.04984,
LUX,CPI,TOT,AGRWTH,A,2004,2.225681,
LUX,CPI,TOT,AGRWTH,A,2005,2.487693,
LUX,CPI,TOT,AGRWTH,A,2006,2.666315,
LUX,CPI,TOT,AGRWTH,A,2007,2.312459,
LUX,CPI,TOT,AGRWTH,A,2008,3.40188,
LUX,CPI,TOT,AGRWTH,A,2009,0.368042,
LUX,CPI,TOT,AGRWTH,A,2010,2.273679,
LUX,CPI,TOT,AGRWTH,A,2011,3.410683,
LUX,CPI,TOT,AGRWTH,A,2012,2.662842,
LUX,CPI,TOT,AGRWTH,A,2013,1.73404,
LUX,CPI,TOT,AGRWTH,A,2014,0.628544,
LUX,CPI,TOT,AGRWTH,A,2015,0.4747432,
LUX,CPI,TOT,AGRWTH,A,2016,0.2908333,
LUX,CPI,TOT,AGRWTH,A,2017,1.7308,
LUX,CPI,TOT,AGRWTH,A,2018,1.528195,
LUX,CPI,TOT,AGRWTH,A,2019,1.743321,
MEX,CPI,TOT,AGRWTH,A,1969,13.82684,
MEX,CPI,TOT,AGRWTH,A,1970,5.003397,
MEX,CPI,TOT,AGRWTH,A,1971,5.469021,
MEX,CPI,TOT,AGRWTH,A,1972,4.943688,
MEX,CPI,TOT,AGRWTH,A,1973,12.08194,
MEX,CPI,TOT,AGRWTH,A,1974,23.78403,
MEX,CPI,TOT,AGRWTH,A,1975,14.94453,
MEX,CPI,TOT,AGRWTH,A,1976,15.82472,
MEX,CPI,TOT,AGRWTH,A,1977,29.06413,
MEX,CPI,TOT,AGRWTH,A,1978,17.45729,
MEX,CPI,TOT,AGRWTH,A,1979,18.19125,
MEX,CPI,TOT,AGRWTH,A,1980,26.35165,
MEX,CPI,TOT,AGRWTH,A,1981,27.93376,
MEX,CPI,TOT,AGRWTH,A,1982,58.91343,
MEX,CPI,TOT,AGRWTH,A,1983,101.8749,
MEX,CPI,TOT,AGRWTH,A,1984,65.44881,
MEX,CPI,TOT,AGRWTH,A,1985,57.74845,
MEX,CPI,TOT,AGRWTH,A,1986,86.23331,
MEX,CPI,TOT,AGRWTH,A,1987,131.8274,
MEX,CPI,TOT,AGRWTH,A,1988,114.1622,
MEX,CPI,TOT,AGRWTH,A,1989,20.00788,
MEX,CPI,TOT,AGRWTH,A,1990,26.65167,
MEX,CPI,TOT,AGRWTH,A,1991,22.66236,
MEX,CPI,TOT,AGRWTH,A,1992,15.5079,
MEX,CPI,TOT,AGRWTH,A,1993,9.75146,
MEX,CPI,TOT,AGRWTH,A,1994,6.965813,
MEX,CPI,TOT,AGRWTH,A,1995,34.99926,
MEX,CPI,TOT,AGRWTH,A,1996,34.37838,
MEX,CPI,TOT,AGRWTH,A,1997,20.62563,
MEX,CPI,TOT,AGRWTH,A,1998,15.92839,
MEX,CPI,TOT,AGRWTH,A,1999,16.58562,
MEX,CPI,TOT,AGRWTH,A,2000,9.49156,
MEX,CPI,TOT,AGRWTH,A,2001,6.367737,
MEX,CPI,TOT,AGRWTH,A,2002,5.030733,
MEX,CPI,TOT,AGRWTH,A,2003,4.546898,
MEX,CPI,TOT,AGRWTH,A,2004,4.688407,
MEX,CPI,TOT,AGRWTH,A,2005,3.988061,
MEX,CPI,TOT,AGRWTH,A,2006,3.629463,
MEX,CPI,TOT,AGRWTH,A,2007,3.96685,
MEX,CPI,TOT,AGRWTH,A,2008,5.124982,
MEX,CPI,TOT,AGRWTH,A,2009,5.297357,
MEX,CPI,TOT,AGRWTH,A,2010,4.156728,
MEX,CPI,TOT,AGRWTH,A,2011,3.40738,
MEX,CPI,TOT,AGRWTH,A,2012,4.111508,
MEX,CPI,TOT,AGRWTH,A,2013,3.80639,
MEX,CPI,TOT,AGRWTH,A,2014,4.018617,
MEX,CPI,TOT,AGRWTH,A,2015,2.720641,
MEX,CPI,TOT,AGRWTH,A,2016,2.821708,
MEX,CPI,TOT,AGRWTH,A,2017,6.041456,
MEX,CPI,TOT,AGRWTH,A,2018,4.899351,
MEX,CPI,TOT,AGRWTH,A,2019,3.635961,
NLD,CPI,TOT,AGRWTH,A,1965,3.908038,
NLD,CPI,TOT,AGRWTH,A,1966,5.762141,
NLD,CPI,TOT,AGRWTH,A,1967,3.455331,
NLD,CPI,TOT,AGRWTH,A,1968,3.720794,
NLD,CPI,TOT,AGRWTH,A,1969,7.421792,
NLD,CPI,TOT,AGRWTH,A,1970,3.668919,
NLD,CPI,TOT,AGRWTH,A,1971,7.477687,
NLD,CPI,TOT,AGRWTH,A,1972,7.802798,
NLD,CPI,TOT,AGRWTH,A,1973,8.022207,
NLD,CPI,TOT,AGRWTH,A,1974,9.591417,
NLD,CPI,TOT,AGRWTH,A,1975,10.21748,
NLD,CPI,TOT,AGRWTH,A,1976,8.830647,
NLD,CPI,TOT,AGRWTH,A,1977,6.399296,
NLD,CPI,TOT,AGRWTH,A,1978,4.112017,
NLD,CPI,TOT,AGRWTH,A,1979,4.199296,
NLD,CPI,TOT,AGRWTH,A,1980,6.513452,
NLD,CPI,TOT,AGRWTH,A,1981,6.73893,
NLD,CPI,TOT,AGRWTH,A,1982,5.911094,
NLD,CPI,TOT,AGRWTH,A,1983,2.740841,
NLD,CPI,TOT,AGRWTH,A,1984,3.301638,
NLD,CPI,TOT,AGRWTH,A,1985,2.258587,
NLD,CPI,TOT,AGRWTH,A,1986,0.08334722,
NLD,CPI,TOT,AGRWTH,A,1987,-0.6912059,
NLD,CPI,TOT,AGRWTH,A,1988,0.7379455,
NLD,CPI,TOT,AGRWTH,A,1989,1.082161,
NLD,CPI,TOT,AGRWTH,A,1990,2.454089,
NLD,CPI,TOT,AGRWTH,A,1991,3.158203,
NLD,CPI,TOT,AGRWTH,A,1992,3.183581,
NLD,CPI,TOT,AGRWTH,A,1993,2.584182,
NLD,CPI,TOT,AGRWTH,A,1994,2.801527,
NLD,CPI,TOT,AGRWTH,A,1995,1.92322,
NLD,CPI,TOT,AGRWTH,A,1996,2.113793,
NLD,CPI,TOT,AGRWTH,A,1997,2.109246,
NLD,CPI,TOT,AGRWTH,A,1998,1.959136,
NLD,CPI,TOT,AGRWTH,A,1999,2.157179,
NLD,CPI,TOT,AGRWTH,A,2000,2.360522,
NLD,CPI,TOT,AGRWTH,A,2001,4.155841,
NLD,CPI,TOT,AGRWTH,A,2002,3.287531,
NLD,CPI,TOT,AGRWTH,A,2003,2.091998,
NLD,CPI,TOT,AGRWTH,A,2004,1.263647,
NLD,CPI,TOT,AGRWTH,A,2005,1.68813,
NLD,CPI,TOT,AGRWTH,A,2006,1.101501,
NLD,CPI,TOT,AGRWTH,A,2007,1.613859,
NLD,CPI,TOT,AGRWTH,A,2008,2.486502,
NLD,CPI,TOT,AGRWTH,A,2009,1.189777,
NLD,CPI,TOT,AGRWTH,A,2010,1.275306,
NLD,CPI,TOT,AGRWTH,A,2011,2.34107,
NLD,CPI,TOT,AGRWTH,A,2012,2.455548,
NLD,CPI,TOT,AGRWTH,A,2013,2.506899,
NLD,CPI,TOT,AGRWTH,A,2014,0.9760351,
NLD,CPI,TOT,AGRWTH,A,2015,0.6002482,
NLD,CPI,TOT,AGRWTH,A,2016,0.3166667,
NLD,CPI,TOT,AGRWTH,A,2017,1.381459,
NLD,CPI,TOT,AGRWTH,A,2018,1.703498,
NLD,CPI,TOT,AGRWTH,A,2019,2.633699,
NZL,CPI,TOT,AGRWTH,A,1965,3.397487,
NZL,CPI,TOT,AGRWTH,A,1966,2.755479,
NZL,CPI,TOT,AGRWTH,A,1967,6.05692,
NZL,CPI,TOT,AGRWTH,A,1968,4.311927,
NZL,CPI,TOT,AGRWTH,A,1969,4.925242,
NZL,CPI,TOT,AGRWTH,A,1970,6.517183,
NZL,CPI,TOT,AGRWTH,A,1971,10.38757,
NZL,CPI,TOT,AGRWTH,A,1972,6.932811,
NZL,CPI,TOT,AGRWTH,A,1973,8.166666,
NZL,CPI,TOT,AGRWTH,A,1974,11.1094,
NZL,CPI,TOT,AGRWTH,A,1975,14.68495,
NZL,CPI,TOT,AGRWTH,A,1976,16.90689,
NZL,CPI,TOT,AGRWTH,A,1977,14.38356,
NZL,CPI,TOT,AGRWTH,A,1978,11.9566,
NZL,CPI,TOT,AGRWTH,A,1979,13.6996,
NZL,CPI,TOT,AGRWTH,A,1980,17.15056,
NZL,CPI,TOT,AGRWTH,A,1981,15.37015,
NZL,CPI,TOT,AGRWTH,A,1982,16.16369,
NZL,CPI,TOT,AGRWTH,A,1983,7.341074,
NZL,CPI,TOT,AGRWTH,A,1984,6.17125,
NZL,CPI,TOT,AGRWTH,A,1985,15.41766,
NZL,CPI,TOT,AGRWTH,A,1986,13.2134,
NZL,CPI,TOT,AGRWTH,A,1987,15.74429,
NZL,CPI,TOT,AGRWTH,A,1988,6.375257,
NZL,CPI,TOT,AGRWTH,A,1989,5.715991,
NZL,CPI,TOT,AGRWTH,A,1990,6.098439,
NZL,CPI,TOT,AGRWTH,A,1991,2.602399,
NZL,CPI,TOT,AGRWTH,A,1992,1.014557,
NZL,CPI,TOT,AGRWTH,A,1993,1.28821,
NZL,CPI,TOT,AGRWTH,A,1994,1.745376,
NZL,CPI,TOT,AGRWTH,A,1995,3.754941,
NZL,CPI,TOT,AGRWTH,A,1996,2.285714,
NZL,CPI,TOT,AGRWTH,A,1997,1.187151,
NZL,CPI,TOT,AGRWTH,A,1998,1.26524,
NZL,CPI,TOT,AGRWTH,A,1999,-0.1142663,
NZL,CPI,TOT,AGRWTH,A,2000,2.615233,
NZL,CPI,TOT,AGRWTH,A,2001,2.625821,
NZL,CPI,TOT,AGRWTH,A,2002,2.677091,
NZL,CPI,TOT,AGRWTH,A,2003,1.753576,
NZL,CPI,TOT,AGRWTH,A,2004,2.290249,
NZL,CPI,TOT,AGRWTH,A,2005,3.037021,
NZL,CPI,TOT,AGRWTH,A,2006,3.365404,
NZL,CPI,TOT,AGRWTH,A,2007,2.376143,
NZL,CPI,TOT,AGRWTH,A,2008,3.958944,
NZL,CPI,TOT,AGRWTH,A,2009,2.115656,
NZL,CPI,TOT,AGRWTH,A,2010,2.302026,
NZL,CPI,TOT,AGRWTH,A,2011,4.027903,
NZL,CPI,TOT,AGRWTH,A,2012,1.059918,
NZL,CPI,TOT,AGRWTH,A,2013,1.134418,
NZL,CPI,TOT,AGRWTH,A,2014,1.227513,
NZL,CPI,TOT,AGRWTH,A,2015,0.2927033,
NZL,CPI,TOT,AGRWTH,A,2016,0.6462373,
NZL,CPI,TOT,AGRWTH,A,2017,1.850787,
NZL,CPI,TOT,AGRWTH,A,2018,1.598298,
NZL,CPI,TOT,AGRWTH,A,2019,1.619632,
NOR,CPI,TOT,AGRWTH,A,1965,4.187192,
NOR,CPI,TOT,AGRWTH,A,1966,3.250591,
NOR,CPI,TOT,AGRWTH,A,1967,4.579279,
NOR,CPI,TOT,AGRWTH,A,1968,3.448276,
NOR,CPI,TOT,AGRWTH,A,1969,2.962963,
NOR,CPI,TOT,AGRWTH,A,1970,10.6372,
NOR,CPI,TOT,AGRWTH,A,1971,6.223874,
NOR,CPI,TOT,AGRWTH,A,1972,7.258417,
NOR,CPI,TOT,AGRWTH,A,1973,7.419487,
NOR,CPI,TOT,AGRWTH,A,1974,9.411765,
NOR,CPI,TOT,AGRWTH,A,1975,11.68921,
NOR,CPI,TOT,AGRWTH,A,1976,9.16149,
NOR,CPI,TOT,AGRWTH,A,1977,9.103841,
NOR,CPI,TOT,AGRWTH,A,1978,8.161669,
NOR,CPI,TOT,AGRWTH,A,1979,4.509721,
NOR,CPI,TOT,AGRWTH,A,1980,10.87866,
NOR,CPI,TOT,AGRWTH,A,1981,13.64296,
NOR,CPI,TOT,AGRWTH,A,1982,11.341,
NOR,CPI,TOT,AGRWTH,A,1983,8.465244,
NOR,CPI,TOT,AGRWTH,A,1984,6.218274,
NOR,CPI,TOT,AGRWTH,A,1985,5.714855,
NOR,CPI,TOT,AGRWTH,A,1986,7.176493,
NOR,CPI,TOT,AGRWTH,A,1987,8.717048,
NOR,CPI,TOT,AGRWTH,A,1988,6.676366,
NOR,CPI,TOT,AGRWTH,A,1989,4.546144,
NOR,CPI,TOT,AGRWTH,A,1990,4.131033,
NOR,CPI,TOT,AGRWTH,A,1991,3.438196,
NOR,CPI,TOT,AGRWTH,A,1992,2.328085,
NOR,CPI,TOT,AGRWTH,A,1993,2.288269,
NOR,CPI,TOT,AGRWTH,A,1994,1.375675,
NOR,CPI,TOT,AGRWTH,A,1995,2.460368,
NOR,CPI,TOT,AGRWTH,A,1996,1.262532,
NOR,CPI,TOT,AGRWTH,A,1997,2.566923,
NOR,CPI,TOT,AGRWTH,A,1998,2.252413,
NOR,CPI,TOT,AGRWTH,A,1999,2.365967,
NOR,CPI,TOT,AGRWTH,A,2000,3.085506,
NOR,CPI,TOT,AGRWTH,A,2001,3.004197,
NOR,CPI,TOT,AGRWTH,A,2002,1.286725,
NOR,CPI,TOT,AGRWTH,A,2003,2.487826,
NOR,CPI,TOT,AGRWTH,A,2004,0.4544985,
NOR,CPI,TOT,AGRWTH,A,2005,1.532134,
NOR,CPI,TOT,AGRWTH,A,2006,2.32935,
NOR,CPI,TOT,AGRWTH,A,2007,0.7125891,
NOR,CPI,TOT,AGRWTH,A,2008,3.753931,
NOR,CPI,TOT,AGRWTH,A,2009,2.197386,
NOR,CPI,TOT,AGRWTH,A,2010,2.418906,
NOR,CPI,TOT,AGRWTH,A,2011,1.284952,
NOR,CPI,TOT,AGRWTH,A,2012,0.6968641,
NOR,CPI,TOT,AGRWTH,A,2013,2.120486,
NOR,CPI,TOT,AGRWTH,A,2014,2.041703,
NOR,CPI,TOT,AGRWTH,A,2015,2.171137,
NOR,CPI,TOT,AGRWTH,A,2016,3.55,
NOR,CPI,TOT,AGRWTH,A,2017,1.875101,
NOR,CPI,TOT,AGRWTH,A,2018,2.764831,
NOR,CPI,TOT,AGRWTH,A,2019,2.16773,
POL,CPI,TOT,AGRWTH,A,1990,812.15,
POL,CPI,TOT,AGRWTH,A,1991,71.56667,
POL,CPI,TOT,AGRWTH,A,1992,42.85,
POL,CPI,TOT,AGRWTH,A,1993,35.475,
POL,CPI,TOT,AGRWTH,A,1994,32.19167,
POL,CPI,TOT,AGRWTH,A,1995,28.125,
POL,CPI,TOT,AGRWTH,A,1996,19.90833,
POL,CPI,TOT,AGRWTH,A,1997,14.95,
POL,CPI,TOT,AGRWTH,A,1998,11.86667,
POL,CPI,TOT,AGRWTH,A,1999,7.258333,
POL,CPI,TOT,AGRWTH,A,2000,10.09167,
POL,CPI,TOT,AGRWTH,A,2001,5.475,
POL,CPI,TOT,AGRWTH,A,2002,1.941667,
POL,CPI,TOT,AGRWTH,A,2003,0.8416666,
POL,CPI,TOT,AGRWTH,A,2004,3.491667,
POL,CPI,TOT,AGRWTH,A,2005,2.133333,
POL,CPI,TOT,AGRWTH,A,2006,1.033333,
POL,CPI,TOT,AGRWTH,A,2007,2.491667,
POL,CPI,TOT,AGRWTH,A,2008,4.216667,
POL,CPI,TOT,AGRWTH,A,2009,3.45,
POL,CPI,TOT,AGRWTH,A,2010,2.583333,
POL,CPI,TOT,AGRWTH,A,2011,4.266667,
POL,CPI,TOT,AGRWTH,A,2012,3.7,
POL,CPI,TOT,AGRWTH,A,2013,0.9,
POL,CPI,TOT,AGRWTH,A,2014,-0.025,
POL,CPI,TOT,AGRWTH,A,2015,-0.9333333,
POL,CPI,TOT,AGRWTH,A,2016,-0.5833333,
POL,CPI,TOT,AGRWTH,A,2017,1.975,
POL,CPI,TOT,AGRWTH,A,2018,1.666667,
POL,CPI,TOT,AGRWTH,A,2019,2.308333,
PRT,CPI,TOT,AGRWTH,A,1965,3.424936,
PRT,CPI,TOT,AGRWTH,A,1966,5.039267,
PRT,CPI,TOT,AGRWTH,A,1967,5.52648,
PRT,CPI,TOT,AGRWTH,A,1968,6.08136,
PRT,CPI,TOT,AGRWTH,A,1969,8.782768,
PRT,CPI,TOT,AGRWTH,A,1970,6.380148,
PRT,CPI,TOT,AGRWTH,A,1971,11.9469,
PRT,CPI,TOT,AGRWTH,A,1972,10.66334,
PRT,CPI,TOT,AGRWTH,A,1973,12.97461,
PRT,CPI,TOT,AGRWTH,A,1974,25.08278,
PRT,CPI,TOT,AGRWTH,A,1975,15.27169,
PRT,CPI,TOT,AGRWTH,A,1976,21.1419,
PRT,CPI,TOT,AGRWTH,A,1977,31.01675,
PRT,CPI,TOT,AGRWTH,A,1978,21.03877,
PRT,CPI,TOT,AGRWTH,A,1979,21.89923,
PRT,CPI,TOT,AGRWTH,A,1980,15.86748,
PRT,CPI,TOT,AGRWTH,A,1981,19.04041,
PRT,CPI,TOT,AGRWTH,A,1982,21.67928,
PRT,CPI,TOT,AGRWTH,A,1983,24.00276,
PRT,CPI,TOT,AGRWTH,A,1984,28.38464,
PRT,CPI,TOT,AGRWTH,A,1985,19.46141,
PRT,CPI,TOT,AGRWTH,A,1986,12.33133,
PRT,CPI,TOT,AGRWTH,A,1987,9.634831,
PRT,CPI,TOT,AGRWTH,A,1988,10.10163,
PRT,CPI,TOT,AGRWTH,A,1989,12.6863,
PRT,CPI,TOT,AGRWTH,A,1990,13.63057,
PRT,CPI,TOT,AGRWTH,A,1991,11.84948,
PRT,CPI,TOT,AGRWTH,A,1992,9.55926,
PRT,CPI,TOT,AGRWTH,A,1993,6.78378,
PRT,CPI,TOT,AGRWTH,A,1994,5.42044,
PRT,CPI,TOT,AGRWTH,A,1995,4.222816,
PRT,CPI,TOT,AGRWTH,A,1996,3.068977,
PRT,CPI,TOT,AGRWTH,A,1997,2.336863,
PRT,CPI,TOT,AGRWTH,A,1998,2.572752,
PRT,CPI,TOT,AGRWTH,A,1999,2.340095,
PRT,CPI,TOT,AGRWTH,A,2000,2.85303,
PRT,CPI,TOT,AGRWTH,A,2001,4.369903,
PRT,CPI,TOT,AGRWTH,A,2002,3.600347,
PRT,CPI,TOT,AGRWTH,A,2003,3.218991,
PRT,CPI,TOT,AGRWTH,A,2004,2.365362,
PRT,CPI,TOT,AGRWTH,A,2005,2.277164,
PRT,CPI,TOT,AGRWTH,A,2006,3.107666,
PRT,CPI,TOT,AGRWTH,A,2007,2.453965,
PRT,CPI,TOT,AGRWTH,A,2008,2.588506,
PRT,CPI,TOT,AGRWTH,A,2009,-0.83553,
PRT,CPI,TOT,AGRWTH,A,2010,1.402573,
PRT,CPI,TOT,AGRWTH,A,2011,3.653011,
PRT,CPI,TOT,AGRWTH,A,2012,2.773339,
PRT,CPI,TOT,AGRWTH,A,2013,0.2744167,
PRT,CPI,TOT,AGRWTH,A,2014,-0.2781534,
PRT,CPI,TOT,AGRWTH,A,2015,0.4879386,
PRT,CPI,TOT,AGRWTH,A,2016,0.6073971,
PRT,CPI,TOT,AGRWTH,A,2017,1.368614,
PRT,CPI,TOT,AGRWTH,A,2018,0.9937157,
PRT,CPI,TOT,AGRWTH,A,2019,0.3381784,
SVK,CPI,TOT,AGRWTH,A,1992,9.893497,
SVK,CPI,TOT,AGRWTH,A,1993,23.28703,
SVK,CPI,TOT,AGRWTH,A,1994,13.41552,
SVK,CPI,TOT,AGRWTH,A,1995,9.841098,
SVK,CPI,TOT,AGRWTH,A,1996,5.775833,
SVK,CPI,TOT,AGRWTH,A,1997,6.141988,
SVK,CPI,TOT,AGRWTH,A,1998,6.665648,
SVK,CPI,TOT,AGRWTH,A,1999,10.57045,
SVK,CPI,TOT,AGRWTH,A,2000,12.03578,
SVK,CPI,TOT,AGRWTH,A,2001,7.329631,
SVK,CPI,TOT,AGRWTH,A,2002,3.127133,
SVK,CPI,TOT,AGRWTH,A,2003,8.554143,
SVK,CPI,TOT,AGRWTH,A,2004,7.548501,
SVK,CPI,TOT,AGRWTH,A,2005,2.709085,
SVK,CPI,TOT,AGRWTH,A,2006,4.483331,
SVK,CPI,TOT,AGRWTH,A,2007,2.756724,
SVK,CPI,TOT,AGRWTH,A,2008,4.59818,
SVK,CPI,TOT,AGRWTH,A,2009,1.615105,
SVK,CPI,TOT,AGRWTH,A,2010,0.9570181,
SVK,CPI,TOT,AGRWTH,A,2011,3.919286,
SVK,CPI,TOT,AGRWTH,A,2012,3.606103,
SVK,CPI,TOT,AGRWTH,A,2013,1.400474,
SVK,CPI,TOT,AGRWTH,A,2014,-0.07616533,
SVK,CPI,TOT,AGRWTH,A,2015,-0.3252198,
SVK,CPI,TOT,AGRWTH,A,2016,-0.5200102,
SVK,CPI,TOT,AGRWTH,A,2017,1.311946,
SVK,CPI,TOT,AGRWTH,A,2018,2.514037,
SVK,CPI,TOT,AGRWTH,A,2019,2.664561,
ESP,CPI,TOT,AGRWTH,A,1965,13.21413,
ESP,CPI,TOT,AGRWTH,A,1966,6.240364,
ESP,CPI,TOT,AGRWTH,A,1967,6.391636,
ESP,CPI,TOT,AGRWTH,A,1968,4.954367,
ESP,CPI,TOT,AGRWTH,A,1969,2.160344,
ESP,CPI,TOT,AGRWTH,A,1970,5.731148,
ESP,CPI,TOT,AGRWTH,A,1971,8.236881,
ESP,CPI,TOT,AGRWTH,A,1972,8.27229,
ESP,CPI,TOT,AGRWTH,A,1973,11.41671,
ESP,CPI,TOT,AGRWTH,A,1974,15.68038,
ESP,CPI,TOT,AGRWTH,A,1975,16.95329,
ESP,CPI,TOT,AGRWTH,A,1976,17.62488,
ESP,CPI,TOT,AGRWTH,A,1977,24.53805,
ESP,CPI,TOT,AGRWTH,A,1978,19.77369,
ESP,CPI,TOT,AGRWTH,A,1979,15.66023,
ESP,CPI,TOT,AGRWTH,A,1980,15.56191,
ESP,CPI,TOT,AGRWTH,A,1981,14.54935,
ESP,CPI,TOT,AGRWTH,A,1982,14.41499,
ESP,CPI,TOT,AGRWTH,A,1983,12.17408,
ESP,CPI,TOT,AGRWTH,A,1984,11.28027,
ESP,CPI,TOT,AGRWTH,A,1985,8.814454,
ESP,CPI,TOT,AGRWTH,A,1986,8.794939,
ESP,CPI,TOT,AGRWTH,A,1987,5.248024,
ESP,CPI,TOT,AGRWTH,A,1988,4.837267,
ESP,CPI,TOT,AGRWTH,A,1989,6.791436,
ESP,CPI,TOT,AGRWTH,A,1990,6.721821,
ESP,CPI,TOT,AGRWTH,A,1991,5.934214,
ESP,CPI,TOT,AGRWTH,A,1992,5.924531,
ESP,CPI,TOT,AGRWTH,A,1993,4.569072,
ESP,CPI,TOT,AGRWTH,A,1994,4.718413,
ESP,CPI,TOT,AGRWTH,A,1995,4.673804,
ESP,CPI,TOT,AGRWTH,A,1996,3.558843,
ESP,CPI,TOT,AGRWTH,A,1997,1.971078,
ESP,CPI,TOT,AGRWTH,A,1998,1.83433,
ESP,CPI,TOT,AGRWTH,A,1999,2.310345,
ESP,CPI,TOT,AGRWTH,A,2000,3.433517,
ESP,CPI,TOT,AGRWTH,A,2001,3.589833,
ESP,CPI,TOT,AGRWTH,A,2002,3.065766,
ESP,CPI,TOT,AGRWTH,A,2003,3.039234,
ESP,CPI,TOT,AGRWTH,A,2004,3.039202,
ESP,CPI,TOT,AGRWTH,A,2005,3.368454,
ESP,CPI,TOT,AGRWTH,A,2006,3.515375,
ESP,CPI,TOT,AGRWTH,A,2007,2.78703,
ESP,CPI,TOT,AGRWTH,A,2008,4.075661,
ESP,CPI,TOT,AGRWTH,A,2009,-0.2879968,
ESP,CPI,TOT,AGRWTH,A,2010,1.799881,
ESP,CPI,TOT,AGRWTH,A,2011,3.196146,
ESP,CPI,TOT,AGRWTH,A,2012,2.446,
ESP,CPI,TOT,AGRWTH,A,2013,1.408546,
ESP,CPI,TOT,AGRWTH,A,2014,-0.1508703,
ESP,CPI,TOT,AGRWTH,A,2015,-0.5004613,
ESP,CPI,TOT,AGRWTH,A,2016,-0.2026717,
ESP,CPI,TOT,AGRWTH,A,2017,1.956083,
ESP,CPI,TOT,AGRWTH,A,2018,1.675068,
ESP,CPI,TOT,AGRWTH,A,2019,0.6995363,
SWE,CPI,TOT,AGRWTH,A,1965,5.012769,
SWE,CPI,TOT,AGRWTH,A,1966,6.404813,
SWE,CPI,TOT,AGRWTH,A,1967,4.289315,
SWE,CPI,TOT,AGRWTH,A,1968,1.943124,
SWE,CPI,TOT,AGRWTH,A,1969,2.691993,
SWE,CPI,TOT,AGRWTH,A,1970,7.016366,
SWE,CPI,TOT,AGRWTH,A,1971,7.395542,
SWE,CPI,TOT,AGRWTH,A,1972,6.00739,
SWE,CPI,TOT,AGRWTH,A,1973,6.717996,
SWE,CPI,TOT,AGRWTH,A,1974,9.911724,
SWE,CPI,TOT,AGRWTH,A,1975,9.779878,
SWE,CPI,TOT,AGRWTH,A,1976,10.24922,
SWE,CPI,TOT,AGRWTH,A,1977,11.4418,
SWE,CPI,TOT,AGRWTH,A,1978,9.995264,
SWE,CPI,TOT,AGRWTH,A,1979,7.209786,
SWE,CPI,TOT,AGRWTH,A,1980,13.70632,
SWE,CPI,TOT,AGRWTH,A,1981,12.10394,
SWE,CPI,TOT,AGRWTH,A,1982,8.589185,
SWE,CPI,TOT,AGRWTH,A,1983,8.873021,
SWE,CPI,TOT,AGRWTH,A,1984,8.044243,
SWE,CPI,TOT,AGRWTH,A,1985,7.372575,
SWE,CPI,TOT,AGRWTH,A,1986,4.23591,
SWE,CPI,TOT,AGRWTH,A,1987,4.188571,
SWE,CPI,TOT,AGRWTH,A,1988,5.824899,
SWE,CPI,TOT,AGRWTH,A,1989,6.443276,
SWE,CPI,TOT,AGRWTH,A,1990,10.36655,
SWE,CPI,TOT,AGRWTH,A,1991,9.444628,
SWE,CPI,TOT,AGRWTH,A,1992,2.374367,
SWE,CPI,TOT,AGRWTH,A,1993,4.728173,
SWE,CPI,TOT,AGRWTH,A,1994,2.158138,
SWE,CPI,TOT,AGRWTH,A,1995,2.455149,
SWE,CPI,TOT,AGRWTH,A,1996,0.533132,
SWE,CPI,TOT,AGRWTH,A,1997,0.6584103,
SWE,CPI,TOT,AGRWTH,A,1998,-0.2671327,
SWE,CPI,TOT,AGRWTH,A,1999,0.4621758,
SWE,CPI,TOT,AGRWTH,A,2000,0.8991438,
SWE,CPI,TOT,AGRWTH,A,2001,2.405958,
SWE,CPI,TOT,AGRWTH,A,2002,2.158482,
SWE,CPI,TOT,AGRWTH,A,2003,1.925655,
SWE,CPI,TOT,AGRWTH,A,2004,0.3736598,
SWE,CPI,TOT,AGRWTH,A,2005,0.4531709,
SWE,CPI,TOT,AGRWTH,A,2006,1.360215,
SWE,CPI,TOT,AGRWTH,A,2007,2.212169,
SWE,CPI,TOT,AGRWTH,A,2008,3.437049,
SWE,CPI,TOT,AGRWTH,A,2009,-0.4944606,
SWE,CPI,TOT,AGRWTH,A,2010,1.157988,
SWE,CPI,TOT,AGRWTH,A,2011,2.961151,
SWE,CPI,TOT,AGRWTH,A,2012,0.8883775,
SWE,CPI,TOT,AGRWTH,A,2013,-0.04429297,
SWE,CPI,TOT,AGRWTH,A,2014,-0.1796385,
SWE,CPI,TOT,AGRWTH,A,2015,-0.04678474,
SWE,CPI,TOT,AGRWTH,A,2016,0.9842693,
SWE,CPI,TOT,AGRWTH,A,2017,1.794499,
SWE,CPI,TOT,AGRWTH,A,2018,1.953535,
SWE,CPI,TOT,AGRWTH,A,2019,1.784151,
CHE,CPI,TOT,AGRWTH,A,1965,3.414477,
CHE,CPI,TOT,AGRWTH,A,1966,4.775981,
CHE,CPI,TOT,AGRWTH,A,1967,4.0052,
CHE,CPI,TOT,AGRWTH,A,1968,2.395821,
CHE,CPI,TOT,AGRWTH,A,1969,2.489028,
CHE,CPI,TOT,AGRWTH,A,1970,3.615995,
CHE,CPI,TOT,AGRWTH,A,1971,6.573221,
CHE,CPI,TOT,AGRWTH,A,1972,6.660002,
CHE,CPI,TOT,AGRWTH,A,1973,8.754675,
CHE,CPI,TOT,AGRWTH,A,1974,9.767415,
CHE,CPI,TOT,AGRWTH,A,1975,6.696594,
CHE,CPI,TOT,AGRWTH,A,1976,1.715474,
CHE,CPI,TOT,AGRWTH,A,1977,1.296002,
CHE,CPI,TOT,AGRWTH,A,1978,1.028789,
CHE,CPI,TOT,AGRWTH,A,1979,3.647644,
CHE,CPI,TOT,AGRWTH,A,1980,4.022499,
CHE,CPI,TOT,AGRWTH,A,1981,6.49031,
CHE,CPI,TOT,AGRWTH,A,1982,5.655101,
CHE,CPI,TOT,AGRWTH,A,1983,2.949831,
CHE,CPI,TOT,AGRWTH,A,1984,2.931436,
CHE,CPI,TOT,AGRWTH,A,1985,3.43539,
CHE,CPI,TOT,AGRWTH,A,1986,0.7503089,
CHE,CPI,TOT,AGRWTH,A,1987,1.440328,
CHE,CPI,TOT,AGRWTH,A,1988,1.872459,
CHE,CPI,TOT,AGRWTH,A,1989,3.155289,
CHE,CPI,TOT,AGRWTH,A,1990,5.403954,
CHE,CPI,TOT,AGRWTH,A,1991,5.859586,
CHE,CPI,TOT,AGRWTH,A,1992,4.037009,
CHE,CPI,TOT,AGRWTH,A,1993,3.292629,
CHE,CPI,TOT,AGRWTH,A,1994,0.8521415,
CHE,CPI,TOT,AGRWTH,A,1995,1.7998,
CHE,CPI,TOT,AGRWTH,A,1996,0.811658,
CHE,CPI,TOT,AGRWTH,A,1997,0.5202146,
CHE,CPI,TOT,AGRWTH,A,1998,0.01794886,
CHE,CPI,TOT,AGRWTH,A,1999,0.8064469,
CHE,CPI,TOT,AGRWTH,A,2000,1.558518,
CHE,CPI,TOT,AGRWTH,A,2001,0.9890171,
CHE,CPI,TOT,AGRWTH,A,2002,0.6427084,
CHE,CPI,TOT,AGRWTH,A,2003,0.6382989,
CHE,CPI,TOT,AGRWTH,A,2004,0.8028826,
CHE,CPI,TOT,AGRWTH,A,2005,1.171951,
CHE,CPI,TOT,AGRWTH,A,2006,1.059525,
CHE,CPI,TOT,AGRWTH,A,2007,0.7323366,
CHE,CPI,TOT,AGRWTH,A,2008,2.426048,
CHE,CPI,TOT,AGRWTH,A,2009,-0.4804679,
CHE,CPI,TOT,AGRWTH,A,2010,0.6882334,
CHE,CPI,TOT,AGRWTH,A,2011,0.2313366,
CHE,CPI,TOT,AGRWTH,A,2012,-0.6925458,
CHE,CPI,TOT,AGRWTH,A,2013,-0.2173085,
CHE,CPI,TOT,AGRWTH,A,2014,-0.01322916,
CHE,CPI,TOT,AGRWTH,A,2015,-1.143901,
CHE,CPI,TOT,AGRWTH,A,2016,-0.4346076,
CHE,CPI,TOT,AGRWTH,A,2017,0.533796,
CHE,CPI,TOT,AGRWTH,A,2018,0.9363133,
CHE,CPI,TOT,AGRWTH,A,2019,0.362916,
TUR,CPI,TOT,AGRWTH,A,1965,4.555521,
TUR,CPI,TOT,AGRWTH,A,1966,8.472013,
TUR,CPI,TOT,AGRWTH,A,1967,13.9749,
TUR,CPI,TOT,AGRWTH,A,1968,6.046246,
TUR,CPI,TOT,AGRWTH,A,1969,4.924197,
TUR,CPI,TOT,AGRWTH,A,1970,7.923939,
TUR,CPI,TOT,AGRWTH,A,1971,19.01141,
TUR,CPI,TOT,AGRWTH,A,1972,15.41646,
TUR,CPI,TOT,AGRWTH,A,1973,13.93817,
TUR,CPI,TOT,AGRWTH,A,1974,23.89817,
TUR,CPI,TOT,AGRWTH,A,1975,21.22735,
TUR,CPI,TOT,AGRWTH,A,1976,17.45569,
TUR,CPI,TOT,AGRWTH,A,1977,25.98534,
TUR,CPI,TOT,AGRWTH,A,1978,61.89706,
TUR,CPI,TOT,AGRWTH,A,1979,63.54308,
TUR,CPI,TOT,AGRWTH,A,1980,94.26086,
TUR,CPI,TOT,AGRWTH,A,1981,37.61479,
TUR,CPI,TOT,AGRWTH,A,1982,29.13751,
TUR,CPI,TOT,AGRWTH,A,1983,31.39027,
TUR,CPI,TOT,AGRWTH,A,1984,48.39233,
TUR,CPI,TOT,AGRWTH,A,1985,44.96172,
TUR,CPI,TOT,AGRWTH,A,1986,34.61008,
TUR,CPI,TOT,AGRWTH,A,1987,38.85585,
TUR,CPI,TOT,AGRWTH,A,1988,68.80964,
TUR,CPI,TOT,AGRWTH,A,1989,63.27255,
TUR,CPI,TOT,AGRWTH,A,1990,60.30389,
TUR,CPI,TOT,AGRWTH,A,1991,65.97855,
TUR,CPI,TOT,AGRWTH,A,1992,70.0761,
TUR,CPI,TOT,AGRWTH,A,1993,66.09385,
TUR,CPI,TOT,AGRWTH,A,1994,105.215,
TUR,CPI,TOT,AGRWTH,A,1995,89.11331,
TUR,CPI,TOT,AGRWTH,A,1996,80.41214,
TUR,CPI,TOT,AGRWTH,A,1997,85.66936,
TUR,CPI,TOT,AGRWTH,A,1998,84.64133,
TUR,CPI,TOT,AGRWTH,A,1999,64.86748,
TUR,CPI,TOT,AGRWTH,A,2000,54.91538,
TUR,CPI,TOT,AGRWTH,A,2001,54.40018,
TUR,CPI,TOT,AGRWTH,A,2002,44.96412,
TUR,CPI,TOT,AGRWTH,A,2003,21.60244,
TUR,CPI,TOT,AGRWTH,A,2004,8.598262,
TUR,CPI,TOT,AGRWTH,A,2005,8.17916,
TUR,CPI,TOT,AGRWTH,A,2006,9.597242,
TUR,CPI,TOT,AGRWTH,A,2007,8.756181,
TUR,CPI,TOT,AGRWTH,A,2008,10.44413,
TUR,CPI,TOT,AGRWTH,A,2009,6.250977,
TUR,CPI,TOT,AGRWTH,A,2010,8.566444,
TUR,CPI,TOT,AGRWTH,A,2011,6.471879,
TUR,CPI,TOT,AGRWTH,A,2012,8.89157,
TUR,CPI,TOT,AGRWTH,A,2013,7.49309,
TUR,CPI,TOT,AGRWTH,A,2014,8.854572,
TUR,CPI,TOT,AGRWTH,A,2015,7.670854,
TUR,CPI,TOT,AGRWTH,A,2016,7.775134,
TUR,CPI,TOT,AGRWTH,A,2017,11.14431,
TUR,CPI,TOT,AGRWTH,A,2018,16.33246,
TUR,CPI,TOT,AGRWTH,A,2019,15.17682,
GBR,CPI,TOT,AGRWTH,A,1965,4.773771,
GBR,CPI,TOT,AGRWTH,A,1966,3.909618,
GBR,CPI,TOT,AGRWTH,A,1967,2.482117,
GBR,CPI,TOT,AGRWTH,A,1968,4.697424,
GBR,CPI,TOT,AGRWTH,A,1969,5.446667,
GBR,CPI,TOT,AGRWTH,A,1970,6.366568,
GBR,CPI,TOT,AGRWTH,A,1971,9.44484,
GBR,CPI,TOT,AGRWTH,A,1972,7.071091,
GBR,CPI,TOT,AGRWTH,A,1973,9.196044,
GBR,CPI,TOT,AGRWTH,A,1974,16.04399,
GBR,CPI,TOT,AGRWTH,A,1975,24.20729,
GBR,CPI,TOT,AGRWTH,A,1976,16.55952,
GBR,CPI,TOT,AGRWTH,A,1977,15.84027,
GBR,CPI,TOT,AGRWTH,A,1978,8.263139,
GBR,CPI,TOT,AGRWTH,A,1979,13.42129,
GBR,CPI,TOT,AGRWTH,A,1980,17.96593,
GBR,CPI,TOT,AGRWTH,A,1981,11.87662,
GBR,CPI,TOT,AGRWTH,A,1982,8.59887,
GBR,CPI,TOT,AGRWTH,A,1983,4.609302,
GBR,CPI,TOT,AGRWTH,A,1984,4.960712,
GBR,CPI,TOT,AGRWTH,A,1985,6.071394,
GBR,CPI,TOT,AGRWTH,A,1986,3.427615,
GBR,CPI,TOT,AGRWTH,A,1987,4.148918,
GBR,CPI,TOT,AGRWTH,A,1988,4.2094,B
GBR,CPI,TOT,AGRWTH,A,1989,5.7,
GBR,CPI,TOT,AGRWTH,A,1990,8,
GBR,CPI,TOT,AGRWTH,A,1991,7.5,
GBR,CPI,TOT,AGRWTH,A,1992,4.6,
GBR,CPI,TOT,AGRWTH,A,1993,2.6,
GBR,CPI,TOT,AGRWTH,A,1994,2.2,
GBR,CPI,TOT,AGRWTH,A,1995,2.7,
GBR,CPI,TOT,AGRWTH,A,1996,2.9,
GBR,CPI,TOT,AGRWTH,A,1997,2.2,
GBR,CPI,TOT,AGRWTH,A,1998,1.8,
GBR,CPI,TOT,AGRWTH,A,1999,1.7,
GBR,CPI,TOT,AGRWTH,A,2000,1.2,
GBR,CPI,TOT,AGRWTH,A,2001,1.6,
GBR,CPI,TOT,AGRWTH,A,2002,1.5,
GBR,CPI,TOT,AGRWTH,A,2003,1.4,
GBR,CPI,TOT,AGRWTH,A,2004,1.4,
GBR,CPI,TOT,AGRWTH,A,2005,2.1,
GBR,CPI,TOT,AGRWTH,A,2006,2.5,
GBR,CPI,TOT,AGRWTH,A,2007,2.4,
GBR,CPI,TOT,AGRWTH,A,2008,3.5,
GBR,CPI,TOT,AGRWTH,A,2009,2,
GBR,CPI,TOT,AGRWTH,A,2010,2.5,
GBR,CPI,TOT,AGRWTH,A,2011,3.8,
GBR,CPI,TOT,AGRWTH,A,2012,2.6,
GBR,CPI,TOT,AGRWTH,A,2013,2.3,
GBR,CPI,TOT,AGRWTH,A,2014,1.5,
GBR,CPI,TOT,AGRWTH,A,2015,0.4,
GBR,CPI,TOT,AGRWTH,A,2016,1,
GBR,CPI,TOT,AGRWTH,A,2017,2.6,
GBR,CPI,TOT,AGRWTH,A,2018,2.3,
GBR,CPI,TOT,AGRWTH,A,2019,1.7,
USA,CPI,TOT,AGRWTH,A,1965,1.585169,
USA,CPI,TOT,AGRWTH,A,1966,3.015075,
USA,CPI,TOT,AGRWTH,A,1967,2.772786,
USA,CPI,TOT,AGRWTH,A,1968,4.271796,
USA,CPI,TOT,AGRWTH,A,1969,5.462386,
USA,CPI,TOT,AGRWTH,A,1970,5.838255,
USA,CPI,TOT,AGRWTH,A,1971,4.292767,
USA,CPI,TOT,AGRWTH,A,1972,3.272278,
USA,CPI,TOT,AGRWTH,A,1973,6.17776,
USA,CPI,TOT,AGRWTH,A,1974,11.0548,
USA,CPI,TOT,AGRWTH,A,1975,9.143147,
USA,CPI,TOT,AGRWTH,A,1976,5.744812,
USA,CPI,TOT,AGRWTH,A,1977,6.501684,
USA,CPI,TOT,AGRWTH,A,1978,7.630964,
USA,CPI,TOT,AGRWTH,A,1979,11.25447,
USA,CPI,TOT,AGRWTH,A,1980,13.5492,
USA,CPI,TOT,AGRWTH,A,1981,10.33471,
USA,CPI,TOT,AGRWTH,A,1982,6.131427,
USA,CPI,TOT,AGRWTH,A,1983,3.212435,
USA,CPI,TOT,AGRWTH,A,1984,4.300536,
USA,CPI,TOT,AGRWTH,A,1985,3.545644,
USA,CPI,TOT,AGRWTH,A,1986,1.898048,
USA,CPI,TOT,AGRWTH,A,1987,3.664563,
USA,CPI,TOT,AGRWTH,A,1988,4.077741,
USA,CPI,TOT,AGRWTH,A,1989,4.827003,
USA,CPI,TOT,AGRWTH,A,1990,5.397956,
USA,CPI,TOT,AGRWTH,A,1991,4.234964,
USA,CPI,TOT,AGRWTH,A,1992,3.02882,
USA,CPI,TOT,AGRWTH,A,1993,2.951657,
USA,CPI,TOT,AGRWTH,A,1994,2.607442,
USA,CPI,TOT,AGRWTH,A,1995,2.80542,
USA,CPI,TOT,AGRWTH,A,1996,2.931204,
USA,CPI,TOT,AGRWTH,A,1997,2.33769,
USA,CPI,TOT,AGRWTH,A,1998,1.552279,
USA,CPI,TOT,AGRWTH,A,1999,2.188027,
USA,CPI,TOT,AGRWTH,A,2000,3.376857,
USA,CPI,TOT,AGRWTH,A,2001,2.826171,
USA,CPI,TOT,AGRWTH,A,2002,1.586032,
USA,CPI,TOT,AGRWTH,A,2003,2.270095,
USA,CPI,TOT,AGRWTH,A,2004,2.677237,
USA,CPI,TOT,AGRWTH,A,2005,3.392747,
USA,CPI,TOT,AGRWTH,A,2006,3.225944,
USA,CPI,TOT,AGRWTH,A,2007,2.852673,
USA,CPI,TOT,AGRWTH,A,2008,3.8391,
USA,CPI,TOT,AGRWTH,A,2009,-0.3555463,
USA,CPI,TOT,AGRWTH,A,2010,1.640043,
USA,CPI,TOT,AGRWTH,A,2011,3.156842,
USA,CPI,TOT,AGRWTH,A,2012,2.069337,
USA,CPI,TOT,AGRWTH,A,2013,1.464833,
USA,CPI,TOT,AGRWTH,A,2014,1.622223,
USA,CPI,TOT,AGRWTH,A,2015,0.1186271,
USA,CPI,TOT,AGRWTH,A,2016,1.261583,
USA,CPI,TOT,AGRWTH,A,2017,2.13011,
USA,CPI,TOT,AGRWTH,A,2018,2.442583,
USA,CPI,TOT,AGRWTH,A,2019,1.81221,
BRA,CPI,TOT,AGRWTH,A,1981,101.7251,
BRA,CPI,TOT,AGRWTH,A,1982,100.5434,
BRA,CPI,TOT,AGRWTH,A,1983,135.0277,
BRA,CPI,TOT,AGRWTH,A,1984,192.1217,
BRA,CPI,TOT,AGRWTH,A,1985,225.9897,
BRA,CPI,TOT,AGRWTH,A,1986,147.1428,
BRA,CPI,TOT,AGRWTH,A,1987,228.3362,
BRA,CPI,TOT,AGRWTH,A,1988,629.1145,
BRA,CPI,TOT,AGRWTH,A,1989,1430.724,
BRA,CPI,TOT,AGRWTH,A,1990,2947.733,
BRA,CPI,TOT,AGRWTH,A,1991,432.7866,
BRA,CPI,TOT,AGRWTH,A,1992,951.962,
BRA,CPI,TOT,AGRWTH,A,1993,1927.381,
BRA,CPI,TOT,AGRWTH,A,1994,2075.888,
BRA,CPI,TOT,AGRWTH,A,1995,66.00703,
BRA,CPI,TOT,AGRWTH,A,1996,15.75767,
BRA,CPI,TOT,AGRWTH,A,1997,6.926713,
BRA,CPI,TOT,AGRWTH,A,1998,3.195076,
BRA,CPI,TOT,AGRWTH,A,1999,4.858448,
BRA,CPI,TOT,AGRWTH,A,2000,7.044141,
BRA,CPI,TOT,AGRWTH,A,2001,6.840359,
BRA,CPI,TOT,AGRWTH,A,2002,8.450165,
BRA,CPI,TOT,AGRWTH,A,2003,14.71492,
BRA,CPI,TOT,AGRWTH,A,2004,6.597185,
BRA,CPI,TOT,AGRWTH,A,2005,6.869537,
BRA,CPI,TOT,AGRWTH,A,2006,4.183568,
BRA,CPI,TOT,AGRWTH,A,2007,3.641273,
BRA,CPI,TOT,AGRWTH,A,2008,5.678594,
BRA,CPI,TOT,AGRWTH,A,2009,4.888035,
BRA,CPI,TOT,AGRWTH,A,2010,5.038727,
BRA,CPI,TOT,AGRWTH,A,2011,6.63645,
BRA,CPI,TOT,AGRWTH,A,2012,5.403499,
BRA,CPI,TOT,AGRWTH,A,2013,6.204311,
BRA,CPI,TOT,AGRWTH,A,2014,6.32904,
BRA,CPI,TOT,AGRWTH,A,2015,9.029901,
BRA,CPI,TOT,AGRWTH,A,2016,8.739143,
BRA,CPI,TOT,AGRWTH,A,2017,3.446373,
BRA,CPI,TOT,AGRWTH,A,2018,3.66485,
BRA,CPI,TOT,AGRWTH,A,2019,3.732976,
CHL,CPI,TOT,AGRWTH,A,1971,20.05224,
CHL,CPI,TOT,AGRWTH,A,1972,77.79574,
CHL,CPI,TOT,AGRWTH,A,1973,352.811,
CHL,CPI,TOT,AGRWTH,A,1974,504.7385,
CHL,CPI,TOT,AGRWTH,A,1975,374.7353,
CHL,CPI,TOT,AGRWTH,A,1976,211.9243,
CHL,CPI,TOT,AGRWTH,A,1977,91.95413,
CHL,CPI,TOT,AGRWTH,A,1978,40.08723,
CHL,CPI,TOT,AGRWTH,A,1979,33.38921,
CHL,CPI,TOT,AGRWTH,A,1980,35.13835,
CHL,CPI,TOT,AGRWTH,A,1981,19.68683,
CHL,CPI,TOT,AGRWTH,A,1982,9.941022,
CHL,CPI,TOT,AGRWTH,A,1983,27.2572,
CHL,CPI,TOT,AGRWTH,A,1984,19.86021,
CHL,CPI,TOT,AGRWTH,A,1985,30.7035,
CHL,CPI,TOT,AGRWTH,A,1986,19.47687,
CHL,CPI,TOT,AGRWTH,A,1987,19.88081,
CHL,CPI,TOT,AGRWTH,A,1988,14.68436,
CHL,CPI,TOT,AGRWTH,A,1989,17.02794,
CHL,CPI,TOT,AGRWTH,A,1990,26.03648,
CHL,CPI,TOT,AGRWTH,A,1991,21.78442,
CHL,CPI,TOT,AGRWTH,A,1992,15.4258,
CHL,CPI,TOT,AGRWTH,A,1993,12.72776,
CHL,CPI,TOT,AGRWTH,A,1994,11.44312,
CHL,CPI,TOT,AGRWTH,A,1995,8.232634,
CHL,CPI,TOT,AGRWTH,A,1996,7.359115,
CHL,CPI,TOT,AGRWTH,A,1997,6.133866,
CHL,CPI,TOT,AGRWTH,A,1998,5.110244,
CHL,CPI,TOT,AGRWTH,A,1999,3.336883,
CHL,CPI,TOT,AGRWTH,A,2000,3.843273,
CHL,CPI,TOT,AGRWTH,A,2001,3.569101,
CHL,CPI,TOT,AGRWTH,A,2002,2.489398,
CHL,CPI,TOT,AGRWTH,A,2003,2.810177,
CHL,CPI,TOT,AGRWTH,A,2004,1.054739,
CHL,CPI,TOT,AGRWTH,A,2005,3.052574,
CHL,CPI,TOT,AGRWTH,A,2006,3.392019,
CHL,CPI,TOT,AGRWTH,A,2007,4.407798,
CHL,CPI,TOT,AGRWTH,A,2008,8.716269,
CHL,CPI,TOT,AGRWTH,A,2009,0.3530467,
CHL,CPI,TOT,AGRWTH,A,2010,1.410711,
CHL,CPI,TOT,AGRWTH,A,2011,3.341217,
CHL,CPI,TOT,AGRWTH,A,2012,3.007448,
CHL,CPI,TOT,AGRWTH,A,2013,1.789556,
CHL,CPI,TOT,AGRWTH,A,2014,4.718675,
CHL,CPI,TOT,AGRWTH,A,2015,4.348773,
CHL,CPI,TOT,AGRWTH,A,2016,3.786194,
CHL,CPI,TOT,AGRWTH,A,2017,2.182719,
CHL,CPI,TOT,AGRWTH,A,2018,2.43489,
CHL,CPI,TOT,AGRWTH,A,2019,2.557545,
CHN,CPI,TOT,AGRWTH,A,1985,9.3,
CHN,CPI,TOT,AGRWTH,A,1986,6.5,
CHN,CPI,TOT,AGRWTH,A,1987,7.3,
CHN,CPI,TOT,AGRWTH,A,1988,18.8,
CHN,CPI,TOT,AGRWTH,A,1989,18,
CHN,CPI,TOT,AGRWTH,A,1990,3.1,
CHN,CPI,TOT,AGRWTH,A,1991,3.4,
CHN,CPI,TOT,AGRWTH,A,1992,6.4,
CHN,CPI,TOT,AGRWTH,A,1993,14.7,
CHN,CPI,TOT,AGRWTH,A,1994,24.1,
CHN,CPI,TOT,AGRWTH,A,1995,17.1,
CHN,CPI,TOT,AGRWTH,A,1996,8.3,
CHN,CPI,TOT,AGRWTH,A,1997,2.8,
CHN,CPI,TOT,AGRWTH,A,1998,-0.8,
CHN,CPI,TOT,AGRWTH,A,1999,-1.4,
CHN,CPI,TOT,AGRWTH,A,2000,0.4,
CHN,CPI,TOT,AGRWTH,A,2001,0.7,
CHN,CPI,TOT,AGRWTH,A,2002,-0.8,
CHN,CPI,TOT,AGRWTH,A,2003,1.2,
CHN,CPI,TOT,AGRWTH,A,2004,3.9,
CHN,CPI,TOT,AGRWTH,A,2005,1.8,
CHN,CPI,TOT,AGRWTH,A,2006,1.5,
CHN,CPI,TOT,AGRWTH,A,2007,4.8,
CHN,CPI,TOT,AGRWTH,A,2008,5.9,
CHN,CPI,TOT,AGRWTH,A,2009,-0.7,
CHN,CPI,TOT,AGRWTH,A,2010,3.3,
CHN,CPI,TOT,AGRWTH,A,2011,5.4,
CHN,CPI,TOT,AGRWTH,A,2012,2.6,
CHN,CPI,TOT,AGRWTH,A,2013,2.6,
CHN,CPI,TOT,AGRWTH,A,2014,2,
CHN,CPI,TOT,AGRWTH,A,2015,1.4,
CHN,CPI,TOT,AGRWTH,A,2016,2,
CHN,CPI,TOT,AGRWTH,A,2017,1.6,
CHN,CPI,TOT,AGRWTH,A,2018,2.1,
CHN,CPI,TOT,AGRWTH,A,2019,2.9,
EST,CPI,TOT,AGRWTH,A,1998,8.744751,
EST,CPI,TOT,AGRWTH,A,1999,3.296111,
EST,CPI,TOT,AGRWTH,A,2000,4.018489,
EST,CPI,TOT,AGRWTH,A,2001,5.74828,
EST,CPI,TOT,AGRWTH,A,2002,3.571913,
EST,CPI,TOT,AGRWTH,A,2003,1.334991,
EST,CPI,TOT,AGRWTH,A,2004,3.048111,
EST,CPI,TOT,AGRWTH,A,2005,4.079714,
EST,CPI,TOT,AGRWTH,A,2006,4.437621,
EST,CPI,TOT,AGRWTH,A,2007,6.601326,
EST,CPI,TOT,AGRWTH,A,2008,10.36236,
EST,CPI,TOT,AGRWTH,A,2009,-0.07840831,
EST,CPI,TOT,AGRWTH,A,2010,2.972045,
EST,CPI,TOT,AGRWTH,A,2011,4.981901,
EST,CPI,TOT,AGRWTH,A,2012,3.9334,
EST,CPI,TOT,AGRWTH,A,2013,2.780567,
EST,CPI,TOT,AGRWTH,A,2014,-0.1061751,
EST,CPI,TOT,AGRWTH,A,2015,-0.492326,
EST,CPI,TOT,AGRWTH,A,2016,0.1486849,
EST,CPI,TOT,AGRWTH,A,2017,3.417236,
EST,CPI,TOT,AGRWTH,A,2018,3.436327,
EST,CPI,TOT,AGRWTH,A,2019,2.277259,
IND,CPI,TOT,AGRWTH,A,1965,9.474753,
IND,CPI,TOT,AGRWTH,A,1966,10.80186,
IND,CPI,TOT,AGRWTH,A,1967,13.0622,
IND,CPI,TOT,AGRWTH,A,1968,3.23741,
IND,CPI,TOT,AGRWTH,A,1969,-0.5841361,
IND,CPI,TOT,AGRWTH,A,1970,5.092258,
IND,CPI,TOT,AGRWTH,A,1971,3.079941,
IND,CPI,TOT,AGRWTH,A,1972,6.442097,
IND,CPI,TOT,AGRWTH,A,1973,16.94082,
IND,CPI,TOT,AGRWTH,A,1974,28.59873,
IND,CPI,TOT,AGRWTH,A,1975,5.748425,
IND,CPI,TOT,AGRWTH,A,1976,-7.633931,
IND,CPI,TOT,AGRWTH,A,1977,8.307467,
IND,CPI,TOT,AGRWTH,A,1978,2.523039,
IND,CPI,TOT,AGRWTH,A,1979,6.275692,
IND,CPI,TOT,AGRWTH,A,1980,11.34606,
IND,CPI,TOT,AGRWTH,A,1981,13.11255,
IND,CPI,TOT,AGRWTH,A,1982,7.89075,
IND,CPI,TOT,AGRWTH,A,1983,11.86807,
IND,CPI,TOT,AGRWTH,A,1984,8.318914,
IND,CPI,TOT,AGRWTH,A,1985,5.556426,
IND,CPI,TOT,AGRWTH,A,1986,8.729712,
IND,CPI,TOT,AGRWTH,A,1987,8.801135,
IND,CPI,TOT,AGRWTH,A,1988,9.383466,
IND,CPI,TOT,AGRWTH,A,1989,7.074283,
IND,CPI,TOT,AGRWTH,A,1990,8.971233,
IND,CPI,TOT,AGRWTH,A,1991,13.87025,
IND,CPI,TOT,AGRWTH,A,1992,11.78782,
IND,CPI,TOT,AGRWTH,A,1993,6.32689,
IND,CPI,TOT,AGRWTH,A,1994,10.24793,
IND,CPI,TOT,AGRWTH,A,1995,10.22489,
IND,CPI,TOT,AGRWTH,A,1996,8.977149,
IND,CPI,TOT,AGRWTH,A,1997,7.164254,
IND,CPI,TOT,AGRWTH,A,1998,13.23084,
IND,CPI,TOT,AGRWTH,A,1999,4.669821,
IND,CPI,TOT,AGRWTH,A,2000,4.009434,
IND,CPI,TOT,AGRWTH,A,2001,3.779289,
IND,CPI,TOT,AGRWTH,A,2002,4.29716,
IND,CPI,TOT,AGRWTH,A,2003,3.805866,
IND,CPI,TOT,AGRWTH,A,2004,3.767238,
IND,CPI,TOT,AGRWTH,A,2005,4.246353,
IND,CPI,TOT,AGRWTH,A,2006,5.796516,
IND,CPI,TOT,AGRWTH,A,2007,6.372881,
IND,CPI,TOT,AGRWTH,A,2008,8.349267,
IND,CPI,TOT,AGRWTH,A,2009,10.88235,
IND,CPI,TOT,AGRWTH,A,2010,11.98939,
IND,CPI,TOT,AGRWTH,A,2011,8.858361,
IND,CPI,TOT,AGRWTH,A,2012,9.312446,
IND,CPI,TOT,AGRWTH,A,2013,10.90764,
IND,CPI,TOT,AGRWTH,A,2014,6.353195,
IND,CPI,TOT,AGRWTH,A,2015,5.872427,
IND,CPI,TOT,AGRWTH,A,2016,4.941027,
IND,CPI,TOT,AGRWTH,A,2017,2.490887,
IND,CPI,TOT,AGRWTH,A,2018,4.8607,
IND,CPI,TOT,AGRWTH,A,2019,7.659695,
IDN,CPI,TOT,AGRWTH,A,1969,15.47988,
IDN,CPI,TOT,AGRWTH,A,1970,12.39946,
IDN,CPI,TOT,AGRWTH,A,1971,4.233751,
IDN,CPI,TOT,AGRWTH,A,1972,6.521739,
IDN,CPI,TOT,AGRWTH,A,1973,31.04189,
IDN,CPI,TOT,AGRWTH,A,1974,40.4918,
IDN,CPI,TOT,AGRWTH,A,1975,19.1657,
IDN,CPI,TOT,AGRWTH,A,1976,19.82864,
IDN,CPI,TOT,AGRWTH,A,1977,11.05209,
IDN,CPI,TOT,AGRWTH,A,1978,8.112583,
IDN,CPI,TOT,AGRWTH,A,1979,16.23277,
IDN,CPI,TOT,AGRWTH,A,1980,18.03543,
IDN,CPI,TOT,AGRWTH,A,1981,12.26591,
IDN,CPI,TOT,AGRWTH,A,1982,9.445426,
IDN,CPI,TOT,AGRWTH,A,1983,11.79974,
IDN,CPI,TOT,AGRWTH,A,1984,10.45504,
IDN,CPI,TOT,AGRWTH,A,1985,4.724538,
IDN,CPI,TOT,AGRWTH,A,1986,5.822666,
IDN,CPI,TOT,AGRWTH,A,1987,9.278655,
IDN,CPI,TOT,AGRWTH,A,1988,8.045357,
IDN,CPI,TOT,AGRWTH,A,1989,6.415542,
IDN,CPI,TOT,AGRWTH,A,1990,7.819196,
IDN,CPI,TOT,AGRWTH,A,1991,9.419066,
IDN,CPI,TOT,AGRWTH,A,1992,7.523511,
IDN,CPI,TOT,AGRWTH,A,1993,9.671896,
IDN,CPI,TOT,AGRWTH,A,1994,8.532005,
IDN,CPI,TOT,AGRWTH,A,1995,9.420318,
IDN,CPI,TOT,AGRWTH,A,1996,7.97328,
IDN,CPI,TOT,AGRWTH,A,1997,6.226142,
IDN,CPI,TOT,AGRWTH,A,1998,58.45105,
IDN,CPI,TOT,AGRWTH,A,1999,20.47783,
IDN,CPI,TOT,AGRWTH,A,2000,3.688618,
IDN,CPI,TOT,AGRWTH,A,2001,11.50012,
IDN,CPI,TOT,AGRWTH,A,2002,11.90012,
IDN,CPI,TOT,AGRWTH,A,2003,6.757316,
IDN,CPI,TOT,AGRWTH,A,2004,6.06406,
IDN,CPI,TOT,AGRWTH,A,2005,10.4532,
IDN,CPI,TOT,AGRWTH,A,2006,13.10867,
IDN,CPI,TOT,AGRWTH,A,2007,6.406562,
IDN,CPI,TOT,AGRWTH,A,2008,10.22667,
IDN,CPI,TOT,AGRWTH,A,2009,4.386416,
IDN,CPI,TOT,AGRWTH,A,2010,5.134203,
IDN,CPI,TOT,AGRWTH,A,2011,5.356048,
IDN,CPI,TOT,AGRWTH,A,2012,4.279512,
IDN,CPI,TOT,AGRWTH,A,2013,6.4125,
IDN,CPI,TOT,AGRWTH,A,2014,6.394926,
IDN,CPI,TOT,AGRWTH,A,2015,6.363121,
IDN,CPI,TOT,AGRWTH,A,2016,3.525805,
IDN,CPI,TOT,AGRWTH,A,2017,3.808798,
IDN,CPI,TOT,AGRWTH,A,2018,3.198346,
IDN,CPI,TOT,AGRWTH,A,2019,3.030587,
ISR,CPI,TOT,AGRWTH,A,1971,11.97257,
ISR,CPI,TOT,AGRWTH,A,1972,12.88147,
ISR,CPI,TOT,AGRWTH,A,1973,20.03237,
ISR,CPI,TOT,AGRWTH,A,1974,39.67998,
ISR,CPI,TOT,AGRWTH,A,1975,39.30674,
ISR,CPI,TOT,AGRWTH,A,1976,31.31087,
ISR,CPI,TOT,AGRWTH,A,1977,34.61672,
ISR,CPI,TOT,AGRWTH,A,1978,50.55094,
ISR,CPI,TOT,AGRWTH,A,1979,78.31003,
ISR,CPI,TOT,AGRWTH,A,1980,131.025,
ISR,CPI,TOT,AGRWTH,A,1981,116.8,
ISR,CPI,TOT,AGRWTH,A,1982,120.3644,
ISR,CPI,TOT,AGRWTH,A,1983,145.9515,
ISR,CPI,TOT,AGRWTH,A,1984,373.2157,
ISR,CPI,TOT,AGRWTH,A,1985,308.7932,
ISR,CPI,TOT,AGRWTH,A,1986,48.04469,
ISR,CPI,TOT,AGRWTH,A,1987,19.67655,
ISR,CPI,TOT,AGRWTH,A,1988,16.35135,
ISR,CPI,TOT,AGRWTH,A,1989,20.20906,
ISR,CPI,TOT,AGRWTH,A,1990,17.19807,
ISR,CPI,TOT,AGRWTH,A,1991,18.96125,
ISR,CPI,TOT,AGRWTH,A,1992,11.98891,
ISR,CPI,TOT,AGRWTH,A,1993,10.95297,
ISR,CPI,TOT,AGRWTH,A,1994,12.38148,
ISR,CPI,TOT,AGRWTH,A,1995,9.991729,
ISR,CPI,TOT,AGRWTH,A,1996,11.35509,
ISR,CPI,TOT,AGRWTH,A,1997,8.927607,
ISR,CPI,TOT,AGRWTH,A,1998,5.480471,
ISR,CPI,TOT,AGRWTH,A,1999,5.160456,
ISR,CPI,TOT,AGRWTH,A,2000,1.050749,
ISR,CPI,TOT,AGRWTH,A,2001,1.150442,
ISR,CPI,TOT,AGRWTH,A,2002,5.74147,
ISR,CPI,TOT,AGRWTH,A,2003,0.7239632,
ISR,CPI,TOT,AGRWTH,A,2004,-0.4107198,
ISR,CPI,TOT,AGRWTH,A,2005,1.309413,
ISR,CPI,TOT,AGRWTH,A,2006,2.116833,
ISR,CPI,TOT,AGRWTH,A,2007,0.4684074,
ISR,CPI,TOT,AGRWTH,A,2008,4.592798,
ISR,CPI,TOT,AGRWTH,A,2009,3.328907,
ISR,CPI,TOT,AGRWTH,A,2010,2.707664,
ISR,CPI,TOT,AGRWTH,A,2011,3.467381,
ISR,CPI,TOT,AGRWTH,A,2012,1.684229,
ISR,CPI,TOT,AGRWTH,A,2013,1.571392,
ISR,CPI,TOT,AGRWTH,A,2014,0.4850309,
ISR,CPI,TOT,AGRWTH,A,2015,-0.63249,
ISR,CPI,TOT,AGRWTH,A,2016,-0.5443886,
ISR,CPI,TOT,AGRWTH,A,2017,0.2442105,
ISR,CPI,TOT,AGRWTH,A,2018,0.8148522,
ISR,CPI,TOT,AGRWTH,A,2019,0.8415965,
RUS,CPI,TOT,AGRWTH,A,1993,874.2458,
RUS,CPI,TOT,AGRWTH,A,1994,307.7226,
RUS,CPI,TOT,AGRWTH,A,1995,197.4143,
RUS,CPI,TOT,AGRWTH,A,1996,47.75201,
RUS,CPI,TOT,AGRWTH,A,1997,14.76132,
RUS,CPI,TOT,AGRWTH,A,1998,27.68569,
RUS,CPI,TOT,AGRWTH,A,1999,85.74649,
RUS,CPI,TOT,AGRWTH,A,2000,20.79877,
RUS,CPI,TOT,AGRWTH,A,2001,21.47701,
RUS,CPI,TOT,AGRWTH,A,2002,15.78873,
RUS,CPI,TOT,AGRWTH,A,2003,13.66329,
RUS,CPI,TOT,AGRWTH,A,2004,10.88861,
RUS,CPI,TOT,AGRWTH,A,2005,12.68531,
RUS,CPI,TOT,AGRWTH,A,2006,9.668655,
RUS,CPI,TOT,AGRWTH,A,2007,9.007296,
RUS,CPI,TOT,AGRWTH,A,2008,14.11077,
RUS,CPI,TOT,AGRWTH,A,2009,11.64733,
RUS,CPI,TOT,AGRWTH,A,2010,6.849392,
RUS,CPI,TOT,AGRWTH,A,2011,8.440471,
RUS,CPI,TOT,AGRWTH,A,2012,5.074733,
RUS,CPI,TOT,AGRWTH,A,2013,6.753717,
RUS,CPI,TOT,AGRWTH,A,2014,7.823416,
RUS,CPI,TOT,AGRWTH,A,2015,15.5344,
RUS,CPI,TOT,AGRWTH,A,2016,7.042436,
RUS,CPI,TOT,AGRWTH,A,2017,3.683334,
RUS,CPI,TOT,AGRWTH,A,2018,2.878305,
RUS,CPI,TOT,AGRWTH,A,2019,4.470367,
SVN,CPI,TOT,AGRWTH,A,1981,42.62295,
SVN,CPI,TOT,AGRWTH,A,1982,30.11255,
SVN,CPI,TOT,AGRWTH,A,1983,40.21349,
SVN,CPI,TOT,AGRWTH,A,1984,53.67198,
SVN,CPI,TOT,AGRWTH,A,1985,79.40636,
SVN,CPI,TOT,AGRWTH,A,1986,95.8865,
SVN,CPI,TOT,AGRWTH,A,1987,132.0727,
SVN,CPI,TOT,AGRWTH,A,1988,198.7537,
SVN,CPI,TOT,AGRWTH,A,1989,1281.444,
SVN,CPI,TOT,AGRWTH,A,1990,552.0835,
SVN,CPI,TOT,AGRWTH,A,1991,114.8329,
SVN,CPI,TOT,AGRWTH,A,1992,209.9338,
SVN,CPI,TOT,AGRWTH,A,1993,31.76213,
SVN,CPI,TOT,AGRWTH,A,1994,20.99182,
SVN,CPI,TOT,AGRWTH,A,1995,13.46372,
SVN,CPI,TOT,AGRWTH,A,1996,9.864456,
SVN,CPI,TOT,AGRWTH,A,1997,8.359679,
SVN,CPI,TOT,AGRWTH,A,1998,7.891166,
SVN,CPI,TOT,AGRWTH,A,1999,6.155588,
SVN,CPI,TOT,AGRWTH,A,2000,8.911745,
SVN,CPI,TOT,AGRWTH,A,2001,8.379666,
SVN,CPI,TOT,AGRWTH,A,2002,7.480778,
SVN,CPI,TOT,AGRWTH,A,2003,5.544164,
SVN,CPI,TOT,AGRWTH,A,2004,3.592976,
SVN,CPI,TOT,AGRWTH,A,2005,2.451501,
SVN,CPI,TOT,AGRWTH,A,2006,2.457924,
SVN,CPI,TOT,AGRWTH,A,2007,3.657496,
SVN,CPI,TOT,AGRWTH,A,2008,5.647424,
SVN,CPI,TOT,AGRWTH,A,2009,0.8392622,
SVN,CPI,TOT,AGRWTH,A,2010,1.80117,
SVN,CPI,TOT,AGRWTH,A,2011,1.802852,
SVN,CPI,TOT,AGRWTH,A,2012,2.597414,
SVN,CPI,TOT,AGRWTH,A,2013,1.769201,
SVN,CPI,TOT,AGRWTH,A,2014,0.1993438,
SVN,CPI,TOT,AGRWTH,A,2015,-0.5255523,
SVN,CPI,TOT,AGRWTH,A,2016,-0.05499954,
SVN,CPI,TOT,AGRWTH,A,2017,1.429107,
SVN,CPI,TOT,AGRWTH,A,2018,1.738609,
SVN,CPI,TOT,AGRWTH,A,2019,1.630523,
ZAF,CPI,TOT,AGRWTH,A,1965,4.069019,
ZAF,CPI,TOT,AGRWTH,A,1966,3.489235,
ZAF,CPI,TOT,AGRWTH,A,1967,3.538977,
ZAF,CPI,TOT,AGRWTH,A,1968,1.986143,
ZAF,CPI,TOT,AGRWTH,A,1969,3.238225,
ZAF,CPI,TOT,AGRWTH,A,1970,4.991861,
ZAF,CPI,TOT,AGRWTH,A,1971,5.957447,
ZAF,CPI,TOT,AGRWTH,A,1972,6.425703,
ZAF,CPI,TOT,AGRWTH,A,1973,9.433962,
ZAF,CPI,TOT,AGRWTH,A,1974,11.72414,
ZAF,CPI,TOT,AGRWTH,A,1975,13.42593,
ZAF,CPI,TOT,AGRWTH,A,1976,11.02041,
ZAF,CPI,TOT,AGRWTH,A,1977,11.15196,
ZAF,CPI,TOT,AGRWTH,A,1978,11.13561,
ZAF,CPI,TOT,AGRWTH,A,1979,13.29365,
ZAF,CPI,TOT,AGRWTH,A,1980,13.66024,
ZAF,CPI,TOT,AGRWTH,A,1981,15.25424,
ZAF,CPI,TOT,AGRWTH,A,1982,14.63904,
ZAF,CPI,TOT,AGRWTH,A,1983,12.30321,
ZAF,CPI,TOT,AGRWTH,A,1984,11.52648,
ZAF,CPI,TOT,AGRWTH,A,1985,16.29423,
ZAF,CPI,TOT,AGRWTH,A,1986,18.65492,
ZAF,CPI,TOT,AGRWTH,A,1987,16.16059,
ZAF,CPI,TOT,AGRWTH,A,1988,12.77955,
ZAF,CPI,TOT,AGRWTH,A,1989,14.73088,
ZAF,CPI,TOT,AGRWTH,A,1990,14.32099,
ZAF,CPI,TOT,AGRWTH,A,1991,15.33477,
ZAF,CPI,TOT,AGRWTH,A,1992,13.8747,
ZAF,CPI,TOT,AGRWTH,A,1993,9.717446,
ZAF,CPI,TOT,AGRWTH,A,1994,8.938547,
ZAF,CPI,TOT,AGRWTH,A,1995,8.680426,
ZAF,CPI,TOT,AGRWTH,A,1996,7.354126,
ZAF,CPI,TOT,AGRWTH,A,1997,8.59777,
ZAF,CPI,TOT,AGRWTH,A,1998,6.880553,
ZAF,CPI,TOT,AGRWTH,A,1999,5.181491,
ZAF,CPI,TOT,AGRWTH,A,2000,5.338953,
ZAF,CPI,TOT,AGRWTH,A,2001,5.7019,
ZAF,CPI,TOT,AGRWTH,A,2002,9.49471,
ZAF,CPI,TOT,AGRWTH,A,2003,5.679419,
ZAF,CPI,TOT,AGRWTH,A,2004,-0.692031,
ZAF,CPI,TOT,AGRWTH,A,2005,2.06285,
ZAF,CPI,TOT,AGRWTH,A,2006,3.243906,
ZAF,CPI,TOT,AGRWTH,A,2007,6.177805,
ZAF,CPI,TOT,AGRWTH,A,2008,10.05529,
ZAF,CPI,TOT,AGRWTH,A,2009,7.264562,
ZAF,CPI,TOT,AGRWTH,A,2010,4.063539,
ZAF,CPI,TOT,AGRWTH,A,2011,5.017158,
ZAF,CPI,TOT,AGRWTH,A,2012,5.723944,
ZAF,CPI,TOT,AGRWTH,A,2013,5.776404,
ZAF,CPI,TOT,AGRWTH,A,2014,6.13602,
ZAF,CPI,TOT,AGRWTH,A,2015,4.509208,
ZAF,CPI,TOT,AGRWTH,A,2016,6.594604,
ZAF,CPI,TOT,AGRWTH,A,2017,5.181082,
ZAF,CPI,TOT,AGRWTH,A,2018,4.504578,
ZAF,CPI,TOT,AGRWTH,A,2019,4.124351,
OECD,CPI,TOT,AGRWTH,A,1971,5.720202,
OECD,CPI,TOT,AGRWTH,A,1972,5.166438,
OECD,CPI,TOT,AGRWTH,A,1973,8.196689,
OECD,CPI,TOT,AGRWTH,A,1974,14.08421,
OECD,CPI,TOT,AGRWTH,A,1975,11.86942,
OECD,CPI,TOT,AGRWTH,A,1976,9.257965,
OECD,CPI,TOT,AGRWTH,A,1977,10.1766,
OECD,CPI,TOT,AGRWTH,A,1978,9.167501,
OECD,CPI,TOT,AGRWTH,A,1979,11.25488,
OECD,CPI,TOT,AGRWTH,A,1980,14.7863,
OECD,CPI,TOT,AGRWTH,A,1981,11.99879,
OECD,CPI,TOT,AGRWTH,A,1982,10.68324,
OECD,CPI,TOT,AGRWTH,A,1983,10.53518,
OECD,CPI,TOT,AGRWTH,A,1984,8.888741,
OECD,CPI,TOT,AGRWTH,A,1985,7.64138,
OECD,CPI,TOT,AGRWTH,A,1986,6.814819,
OECD,CPI,TOT,AGRWTH,A,1987,9.107766,
OECD,CPI,TOT,AGRWTH,A,1988,9.847049,
OECD,CPI,TOT,AGRWTH,A,1989,6.389666,
OECD,CPI,TOT,AGRWTH,A,1990,7.089946,
OECD,CPI,TOT,AGRWTH,A,1991,6.643114,
OECD,CPI,TOT,AGRWTH,A,1992,5.338609,
OECD,CPI,TOT,AGRWTH,A,1993,4.653074,
OECD,CPI,TOT,AGRWTH,A,1994,4.728726,
OECD,CPI,TOT,AGRWTH,A,1995,6.063179,
OECD,CPI,TOT,AGRWTH,A,1996,5.813412,
OECD,CPI,TOT,AGRWTH,A,1997,4.908604,
OECD,CPI,TOT,AGRWTH,A,1998,4.328888,
OECD,CPI,TOT,AGRWTH,A,1999,3.697273,
OECD,CPI,TOT,AGRWTH,A,2000,4.052559,
OECD,CPI,TOT,AGRWTH,A,2001,3.659896,
OECD,CPI,TOT,AGRWTH,A,2002,2.773217,
OECD,CPI,TOT,AGRWTH,A,2003,2.474664,
OECD,CPI,TOT,AGRWTH,A,2004,2.399569,
OECD,CPI,TOT,AGRWTH,A,2005,2.630387,
OECD,CPI,TOT,AGRWTH,A,2006,2.660542,
OECD,CPI,TOT,AGRWTH,A,2007,2.541834,
OECD,CPI,TOT,AGRWTH,A,2008,3.725078,
OECD,CPI,TOT,AGRWTH,A,2009,0.5435996,
OECD,CPI,TOT,AGRWTH,A,2010,1.799109,
OECD,CPI,TOT,AGRWTH,A,2011,2.844575,
OECD,CPI,TOT,AGRWTH,A,2012,2.239104,
OECD,CPI,TOT,AGRWTH,A,2013,1.599608,
OECD,CPI,TOT,AGRWTH,A,2014,1.73758,
OECD,CPI,TOT,AGRWTH,A,2015,0.6858877,
OECD,CPI,TOT,AGRWTH,A,2016,1.202274,
OECD,CPI,TOT,AGRWTH,A,2017,2.280218,
OECD,CPI,TOT,AGRWTH,A,2018,2.602629,
OECD,CPI,TOT,AGRWTH,A,2019,2.066257,
G-7,CPI,TOT,AGRWTH,A,1971,5.120862,
G-7,CPI,TOT,AGRWTH,A,1972,4.501152,
G-7,CPI,TOT,AGRWTH,A,1973,7.675714,
G-7,CPI,TOT,AGRWTH,A,1974,13.23628,
G-7,CPI,TOT,AGRWTH,A,1975,11.08784,
G-7,CPI,TOT,AGRWTH,A,1976,8.060756,
G-7,CPI,TOT,AGRWTH,A,1977,8.174699,
G-7,CPI,TOT,AGRWTH,A,1978,7.162584,
G-7,CPI,TOT,AGRWTH,A,1979,9.673083,
G-7,CPI,TOT,AGRWTH,A,1980,12.54062,
G-7,CPI,TOT,AGRWTH,A,1981,10.16402,
G-7,CPI,TOT,AGRWTH,A,1982,7.224693,
G-7,CPI,TOT,AGRWTH,A,1983,4.672416,
G-7,CPI,TOT,AGRWTH,A,1984,4.631365,
G-7,CPI,TOT,AGRWTH,A,1985,3.967042,
G-7,CPI,TOT,AGRWTH,A,1986,2.034424,
G-7,CPI,TOT,AGRWTH,A,1987,2.917838,
G-7,CPI,TOT,AGRWTH,A,1988,3.28365,
G-7,CPI,TOT,AGRWTH,A,1989,4.338965,
G-7,CPI,TOT,AGRWTH,A,1990,4.870592,
G-7,CPI,TOT,AGRWTH,A,1991,4.448571,
G-7,CPI,TOT,AGRWTH,A,1992,3.250603,
G-7,CPI,TOT,AGRWTH,A,1993,2.883949,
G-7,CPI,TOT,AGRWTH,A,1994,2.269638,
G-7,CPI,TOT,AGRWTH,A,1995,2.341457,
G-7,CPI,TOT,AGRWTH,A,1996,2.333991,
G-7,CPI,TOT,AGRWTH,A,1997,2.079104,
G-7,CPI,TOT,AGRWTH,A,1998,1.329781,
G-7,CPI,TOT,AGRWTH,A,1999,1.494224,
G-7,CPI,TOT,AGRWTH,A,2000,2.302959,
G-7,CPI,TOT,AGRWTH,A,2001,2.103419,
G-7,CPI,TOT,AGRWTH,A,2002,1.355348,
G-7,CPI,TOT,AGRWTH,A,2003,1.798051,
G-7,CPI,TOT,AGRWTH,A,2004,2.049293,
G-7,CPI,TOT,AGRWTH,A,2005,2.418255,
G-7,CPI,TOT,AGRWTH,A,2006,2.430011,
G-7,CPI,TOT,AGRWTH,A,2007,2.238979,
G-7,CPI,TOT,AGRWTH,A,2008,3.25139,
G-7,CPI,TOT,AGRWTH,A,2009,-0.1280375,
G-7,CPI,TOT,AGRWTH,A,2010,1.349712,
G-7,CPI,TOT,AGRWTH,A,2011,2.571168,
G-7,CPI,TOT,AGRWTH,A,2012,1.863285,
G-7,CPI,TOT,AGRWTH,A,2013,1.313772,
G-7,CPI,TOT,AGRWTH,A,2014,1.553682,
G-7,CPI,TOT,AGRWTH,A,2015,0.2973373,
G-7,CPI,TOT,AGRWTH,A,2016,0.8684409,
G-7,CPI,TOT,AGRWTH,A,2017,1.76736,
G-7,CPI,TOT,AGRWTH,A,2018,2.085733,
G-7,CPI,TOT,AGRWTH,A,2019,1.52379,
OECDE,CPI,TOT,AGRWTH,A,1971,6.869953,
OECDE,CPI,TOT,AGRWTH,A,1972,6.772513,
OECDE,CPI,TOT,AGRWTH,A,1973,9.00912,
OECDE,CPI,TOT,AGRWTH,A,1974,13.82504,
OECDE,CPI,TOT,AGRWTH,A,1975,13.63028,
OECDE,CPI,TOT,AGRWTH,A,1976,11.42362,
OECDE,CPI,TOT,AGRWTH,A,1977,12.11055,
OECDE,CPI,TOT,AGRWTH,A,1978,10.78253,
OECDE,CPI,TOT,AGRWTH,A,1979,12.42419,
OECDE,CPI,TOT,AGRWTH,A,1980,16.55109,
OECDE,CPI,TOT,AGRWTH,A,1981,13.24627,
OECDE,CPI,TOT,AGRWTH,A,1982,11.29102,
OECDE,CPI,TOT,AGRWTH,A,1983,9.289154,
OECDE,CPI,TOT,AGRWTH,A,1984,9.009197,
OECDE,CPI,TOT,AGRWTH,A,1985,8.023523,
OECDE,CPI,TOT,AGRWTH,A,1986,5.26624,
OECDE,CPI,TOT,AGRWTH,A,1987,5.073436,
OECDE,CPI,TOT,AGRWTH,A,1988,6.683906,
OECDE,CPI,TOT,AGRWTH,A,1989,7.631814,
OECDE,CPI,TOT,AGRWTH,A,1990,8.07652,
OECDE,CPI,TOT,AGRWTH,A,1991,8.422189,
OECDE,CPI,TOT,AGRWTH,A,1992,7.989743,
OECDE,CPI,TOT,AGRWTH,A,1993,7.0783,
OECDE,CPI,TOT,AGRWTH,A,1994,8.184507,
OECDE,CPI,TOT,AGRWTH,A,1995,8.373942,
OECDE,CPI,TOT,AGRWTH,A,1996,7.280816,
OECDE,CPI,TOT,AGRWTH,A,1997,6.888524,
OECDE,CPI,TOT,AGRWTH,A,1998,6.720809,
OECDE,CPI,TOT,AGRWTH,A,1999,5.204577,
OECDE,CPI,TOT,AGRWTH,A,2000,5.449898,
OECDE,CPI,TOT,AGRWTH,A,2001,5.283218,
OECDE,CPI,TOT,AGRWTH,A,2002,4.56832,
OECDE,CPI,TOT,AGRWTH,A,2003,2.937115,
OECDE,CPI,TOT,AGRWTH,A,2004,2.377771,
OECDE,CPI,TOT,AGRWTH,A,2005,2.362472,
OECDE,CPI,TOT,AGRWTH,A,2006,2.527414,
OECDE,CPI,TOT,AGRWTH,A,2007,2.626213,
OECDE,CPI,TOT,AGRWTH,A,2008,3.84624,
OECDE,CPI,TOT,AGRWTH,A,2009,1.116257,
OECDE,CPI,TOT,AGRWTH,A,2010,2.176752,
OECDE,CPI,TOT,AGRWTH,A,2011,3.066754,
OECDE,CPI,TOT,AGRWTH,A,2012,2.849793,
OECDE,CPI,TOT,AGRWTH,A,2013,1.821518,
OECDE,CPI,TOT,AGRWTH,A,2014,1.245383,
OECDE,CPI,TOT,AGRWTH,A,2015,0.7341019,
OECDE,CPI,TOT,AGRWTH,A,2016,1.006699,
OECDE,CPI,TOT,AGRWTH,A,2017,2.482417,
OECDE,CPI,TOT,AGRWTH,A,2018,3.014725,
OECDE,CPI,TOT,AGRWTH,A,2019,2.606945,
COL,CPI,TOT,AGRWTH,A,1971,12.05674,
COL,CPI,TOT,AGRWTH,A,1972,12.02532,
COL,CPI,TOT,AGRWTH,A,1973,22.59887,
COL,CPI,TOT,AGRWTH,A,1974,22.58064,
COL,CPI,TOT,AGRWTH,A,1975,25.18797,
COL,CPI,TOT,AGRWTH,A,1976,18.91892,
COL,CPI,TOT,AGRWTH,A,1977,34.09091,
COL,CPI,TOT,AGRWTH,A,1978,17.51412,
COL,CPI,TOT,AGRWTH,A,1979,24.19872,
COL,CPI,TOT,AGRWTH,A,1980,26.58064,
COL,CPI,TOT,AGRWTH,A,1981,27.52294,
COL,CPI,TOT,AGRWTH,A,1982,24.70024,
COL,CPI,TOT,AGRWTH,A,1983,19.48718,
COL,CPI,TOT,AGRWTH,A,1984,16.36266,
COL,CPI,TOT,AGRWTH,A,1985,23.97418,
COL,CPI,TOT,AGRWTH,A,1986,18.85459,
COL,CPI,TOT,AGRWTH,A,1987,23.31039,
COL,CPI,TOT,AGRWTH,A,1988,28.14007,
COL,CPI,TOT,AGRWTH,A,1989,25.86139,
COL,CPI,TOT,AGRWTH,A,1990,29.13782,
COL,CPI,TOT,AGRWTH,A,1991,30.34844,
COL,CPI,TOT,AGRWTH,A,1992,27.03056,
COL,CPI,TOT,AGRWTH,A,1993,22.44132,
COL,CPI,TOT,AGRWTH,A,1994,22.84719,
COL,CPI,TOT,AGRWTH,A,1995,20.89713,
COL,CPI,TOT,AGRWTH,A,1996,20.79709,
COL,CPI,TOT,AGRWTH,A,1997,18.46257,
COL,CPI,TOT,AGRWTH,A,1998,18.68126,
COL,CPI,TOT,AGRWTH,A,1999,10.8734,
COL,CPI,TOT,AGRWTH,A,2000,9.22257,
COL,CPI,TOT,AGRWTH,A,2001,7.969703,
COL,CPI,TOT,AGRWTH,A,2002,6.351925,
COL,CPI,TOT,AGRWTH,A,2003,7.130742,
COL,CPI,TOT,AGRWTH,A,2004,5.901262,
COL,CPI,TOT,AGRWTH,A,2005,5.05142,
COL,CPI,TOT,AGRWTH,A,2006,4.29245,
COL,CPI,TOT,AGRWTH,A,2007,5.545141,
COL,CPI,TOT,AGRWTH,A,2008,6.99855,
COL,CPI,TOT,AGRWTH,A,2009,4.201045,
COL,CPI,TOT,AGRWTH,A,2010,2.271183,
COL,CPI,TOT,AGRWTH,A,2011,3.41759,
COL,CPI,TOT,AGRWTH,A,2012,3.167325,
COL,CPI,TOT,AGRWTH,A,2013,2.018099,
COL,CPI,TOT,AGRWTH,A,2014,2.897819,
COL,CPI,TOT,AGRWTH,A,2015,4.990234,
COL,CPI,TOT,AGRWTH,A,2016,7.514293,
COL,CPI,TOT,AGRWTH,A,2017,4.312141,
COL,CPI,TOT,AGRWTH,A,2018,3.240234,
COL,CPI,TOT,AGRWTH,A,2019,3.525493,
LVA,CPI,TOT,AGRWTH,A,1992,951.6962,
LVA,CPI,TOT,AGRWTH,A,1993,108.9896,
LVA,CPI,TOT,AGRWTH,A,1994,35.92471,
LVA,CPI,TOT,AGRWTH,A,1995,24.97593,
LVA,CPI,TOT,AGRWTH,A,1996,17.61046,
LVA,CPI,TOT,AGRWTH,A,1997,8.447392,
LVA,CPI,TOT,AGRWTH,A,1998,4.644212,
LVA,CPI,TOT,AGRWTH,A,1999,2.364815,
LVA,CPI,TOT,AGRWTH,A,2000,2.654253,
LVA,CPI,TOT,AGRWTH,A,2001,2.487044,
LVA,CPI,TOT,AGRWTH,A,2002,1.938879,
LVA,CPI,TOT,AGRWTH,A,2003,2.942643,
LVA,CPI,TOT,AGRWTH,A,2004,6.192384,
LVA,CPI,TOT,AGRWTH,A,2005,6.748452,
LVA,CPI,TOT,AGRWTH,A,2006,6.536199,
LVA,CPI,TOT,AGRWTH,A,2007,10.09298,
LVA,CPI,TOT,AGRWTH,A,2008,15.40232,
LVA,CPI,TOT,AGRWTH,A,2009,3.534107,
LVA,CPI,TOT,AGRWTH,A,2010,-1.084636,
LVA,CPI,TOT,AGRWTH,A,2011,4.370736,
LVA,CPI,TOT,AGRWTH,A,2012,2.257789,
LVA,CPI,TOT,AGRWTH,A,2013,-0.02945478,
LVA,CPI,TOT,AGRWTH,A,2014,0.6204923,
LVA,CPI,TOT,AGRWTH,A,2015,0.1742414,
LVA,CPI,TOT,AGRWTH,A,2016,0.1406308,
LVA,CPI,TOT,AGRWTH,A,2017,2.930369,
LVA,CPI,TOT,AGRWTH,A,2018,2.53446,
LVA,CPI,TOT,AGRWTH,A,2019,2.811403,
SAU,CPI,TOT,AGRWTH,A,1996,1.22207,
SAU,CPI,TOT,AGRWTH,A,1997,0.05715102,
SAU,CPI,TOT,AGRWTH,A,1998,-0.3712695,
SAU,CPI,TOT,AGRWTH,A,1999,-1.333755,
SAU,CPI,TOT,AGRWTH,A,2000,-1.125,
SAU,CPI,TOT,AGRWTH,A,2001,-1.120944,
SAU,CPI,TOT,AGRWTH,A,2002,0.2471872,
SAU,CPI,TOT,AGRWTH,A,2003,0.6121929,
SAU,CPI,TOT,AGRWTH,A,2004,0.5155075,
SAU,CPI,TOT,AGRWTH,A,2005,0.4792332,
SAU,CPI,TOT,AGRWTH,A,2006,2.20902,
SAU,CPI,TOT,AGRWTH,A,2007,4.167827,
SAU,CPI,TOT,AGRWTH,A,2008,9.870246,
SAU,CPI,TOT,AGRWTH,A,2009,5.057225,
SAU,CPI,TOT,AGRWTH,A,2010,5.339416,
SAU,CPI,TOT,AGRWTH,A,2011,5.826217,B
SAU,CPI,TOT,AGRWTH,A,2012,2.86627,
SAU,CPI,TOT,AGRWTH,A,2013,3.532522,
SAU,CPI,TOT,AGRWTH,A,2014,2.23629,
SAU,CPI,TOT,AGRWTH,A,2015,1.206073,
SAU,CPI,TOT,AGRWTH,A,2016,2.06884,
SAU,CPI,TOT,AGRWTH,A,2017,-0.8381946,
SAU,CPI,TOT,AGRWTH,A,2018,2.458142,
SAU,CPI,TOT,AGRWTH,A,2019,-2.093333,
EU28,CPI,TOT,AGRWTH,A,2001,3.6,
EU28,CPI,TOT,AGRWTH,A,2002,2.7,
EU28,CPI,TOT,AGRWTH,A,2003,2.3,
EU28,CPI,TOT,AGRWTH,A,2004,2.5,
EU28,CPI,TOT,AGRWTH,A,2005,2.3,
EU28,CPI,TOT,AGRWTH,A,2006,2.3,
EU28,CPI,TOT,AGRWTH,A,2007,2.4,
EU28,CPI,TOT,AGRWTH,A,2008,3.7,
EU28,CPI,TOT,AGRWTH,A,2009,0.8,
EU28,CPI,TOT,AGRWTH,A,2010,1.8,
EU28,CPI,TOT,AGRWTH,A,2011,2.9,
EU28,CPI,TOT,AGRWTH,A,2012,2.6,
EU28,CPI,TOT,AGRWTH,A,2013,1.3,
EU28,CPI,TOT,AGRWTH,A,2014,0.4,
EU28,CPI,TOT,AGRWTH,A,2015,0.1,
EU28,CPI,TOT,AGRWTH,A,2016,0.2,
EU28,CPI,TOT,AGRWTH,A,2017,1.6,
EU28,CPI,TOT,AGRWTH,A,2018,1.8,
EU28,CPI,TOT,AGRWTH,A,2019,1.4,
EA19,CPI,TOT,AGRWTH,A,1997,1.7,
EA19,CPI,TOT,AGRWTH,A,1998,1.2,
EA19,CPI,TOT,AGRWTH,A,1999,1.2,
EA19,CPI,TOT,AGRWTH,A,2000,2.2,
EA19,CPI,TOT,AGRWTH,A,2001,2.4,
EA19,CPI,TOT,AGRWTH,A,2002,2.3,
EA19,CPI,TOT,AGRWTH,A,2003,2.1,
EA19,CPI,TOT,AGRWTH,A,2004,2.2,
EA19,CPI,TOT,AGRWTH,A,2005,2.2,
EA19,CPI,TOT,AGRWTH,A,2006,2.2,
EA19,CPI,TOT,AGRWTH,A,2007,2.2,
EA19,CPI,TOT,AGRWTH,A,2008,3.3,
EA19,CPI,TOT,AGRWTH,A,2009,0.3,
EA19,CPI,TOT,AGRWTH,A,2010,1.6,
EA19,CPI,TOT,AGRWTH,A,2011,2.7,
EA19,CPI,TOT,AGRWTH,A,2012,2.5,
EA19,CPI,TOT,AGRWTH,A,2013,1.3,
EA19,CPI,TOT,AGRWTH,A,2014,0.4,
EA19,CPI,TOT,AGRWTH,A,2015,0.2,
EA19,CPI,TOT,AGRWTH,A,2016,0.2,
EA19,CPI,TOT,AGRWTH,A,2017,1.5,
EA19,CPI,TOT,AGRWTH,A,2018,1.8,
EA19,CPI,TOT,AGRWTH,A,2019,1.2,
ARG,CPI,TOT,AGRWTH,A,2018,34.27723,
ARG,CPI,TOT,AGRWTH,A,2019,53.54831,
LTU,CPI,TOT,AGRWTH,A,1992,1020.621,
LTU,CPI,TOT,AGRWTH,A,1993,410.4519,
LTU,CPI,TOT,AGRWTH,A,1994,72.25468,
LTU,CPI,TOT,AGRWTH,A,1995,39.64763,
LTU,CPI,TOT,AGRWTH,A,1996,24.62519,
LTU,CPI,TOT,AGRWTH,A,1997,8.881048,
LTU,CPI,TOT,AGRWTH,A,1998,5.067554,
LTU,CPI,TOT,AGRWTH,A,1999,0.7275506,
LTU,CPI,TOT,AGRWTH,A,2000,0.9816155,
LTU,CPI,TOT,AGRWTH,A,2001,1.36712,
LTU,CPI,TOT,AGRWTH,A,2002,0.2815066,
LTU,CPI,TOT,AGRWTH,A,2003,-1.134309,
LTU,CPI,TOT,AGRWTH,A,2004,1.164103,
LTU,CPI,TOT,AGRWTH,A,2005,2.658485,
LTU,CPI,TOT,AGRWTH,A,2006,3.73912,
LTU,CPI,TOT,AGRWTH,A,2007,5.737174,
LTU,CPI,TOT,AGRWTH,A,2008,10.92589,
LTU,CPI,TOT,AGRWTH,A,2009,4.453044,
LTU,CPI,TOT,AGRWTH,A,2010,1.319214,
LTU,CPI,TOT,AGRWTH,A,2011,4.130276,
LTU,CPI,TOT,AGRWTH,A,2012,3.089983,
LTU,CPI,TOT,AGRWTH,A,2013,1.047479,
LTU,CPI,TOT,AGRWTH,A,2014,0.103758,
LTU,CPI,TOT,AGRWTH,A,2015,-0.8840974,
LTU,CPI,TOT,AGRWTH,A,2016,0.9055251,
LTU,CPI,TOT,AGRWTH,A,2017,3.722889,
LTU,CPI,TOT,AGRWTH,A,2018,2.697928,
LTU,CPI,TOT,AGRWTH,A,2019,2.334509,
CRI,CPI,TOT,AGRWTH,A,1977,4.160475,
CRI,CPI,TOT,AGRWTH,A,1978,6.038992,
CRI,CPI,TOT,AGRWTH,A,1979,9.16293,
CRI,CPI,TOT,AGRWTH,A,1980,18.14323,
CRI,CPI,TOT,AGRWTH,A,1981,37.04219,
CRI,CPI,TOT,AGRWTH,A,1982,90.11333,
CRI,CPI,TOT,AGRWTH,A,1983,32.62601,
CRI,CPI,TOT,AGRWTH,A,1984,11.94781,
CRI,CPI,TOT,AGRWTH,A,1985,15.05918,
CRI,CPI,TOT,AGRWTH,A,1986,11.83042,
CRI,CPI,TOT,AGRWTH,A,1987,16.84519,
CRI,CPI,TOT,AGRWTH,A,1988,20.82985,
CRI,CPI,TOT,AGRWTH,A,1989,16.50833,
CRI,CPI,TOT,AGRWTH,A,1990,19.04614,
CRI,CPI,TOT,AGRWTH,A,1991,28.7075,
CRI,CPI,TOT,AGRWTH,A,1992,21.7889,
CRI,CPI,TOT,AGRWTH,A,1993,9.780984,
CRI,CPI,TOT,AGRWTH,A,1994,13.53535,
CRI,CPI,TOT,AGRWTH,A,1995,23.18545,
CRI,CPI,TOT,AGRWTH,A,1996,17.51173,
CRI,CPI,TOT,AGRWTH,A,1997,13.24843,
CRI,CPI,TOT,AGRWTH,A,1998,11.65883,
CRI,CPI,TOT,AGRWTH,A,1999,10.04512,
CRI,CPI,TOT,AGRWTH,A,2000,10.96228,
CRI,CPI,TOT,AGRWTH,A,2001,11.2558,
CRI,CPI,TOT,AGRWTH,A,2002,9.166406,
CRI,CPI,TOT,AGRWTH,A,2003,9.448253,
CRI,CPI,TOT,AGRWTH,A,2004,12.31481,
CRI,CPI,TOT,AGRWTH,A,2005,13.7978,
CRI,CPI,TOT,AGRWTH,A,2006,11.47075,
CRI,CPI,TOT,AGRWTH,A,2007,9.357221,
CRI,CPI,TOT,AGRWTH,A,2008,13.42473,
CRI,CPI,TOT,AGRWTH,A,2009,7.842546,
CRI,CPI,TOT,AGRWTH,A,2010,5.662692,
CRI,CPI,TOT,AGRWTH,A,2011,4.878146,
CRI,CPI,TOT,AGRWTH,A,2012,4.495378,
CRI,CPI,TOT,AGRWTH,A,2013,5.231241,
CRI,CPI,TOT,AGRWTH,A,2014,4.519381,
CRI,CPI,TOT,AGRWTH,A,2015,0.8019475,
CRI,CPI,TOT,AGRWTH,A,2016,-0.01755731,
CRI,CPI,TOT,AGRWTH,A,2017,1.625723,
CRI,CPI,TOT,AGRWTH,A,2018,2.221198,
CRI,CPI,TOT,AGRWTH,A,2019,2.096197,
G-20,CPI,TOT,AGRWTH,A,1997,6.273522,
G-20,CPI,TOT,AGRWTH,A,1998,6.588102,
G-20,CPI,TOT,AGRWTH,A,1999,6.085129,
G-20,CPI,TOT,AGRWTH,A,2000,4.460751,
G-20,CPI,TOT,AGRWTH,A,2001,4.304396,
G-20,CPI,TOT,AGRWTH,A,2002,3.501628,
G-20,CPI,TOT,AGRWTH,A,2003,3.351075,
G-20,CPI,TOT,AGRWTH,A,2004,3.067967,
G-20,CPI,TOT,AGRWTH,A,2005,3.289191,
G-20,CPI,TOT,AGRWTH,A,2006,3.325486,
G-20,CPI,TOT,AGRWTH,A,2007,3.378879,
G-20,CPI,TOT,AGRWTH,A,2008,4.96488,
G-20,CPI,TOT,AGRWTH,A,2009,2.02276,
G-20,CPI,TOT,AGRWTH,A,2010,3.289634,
G-20,CPI,TOT,AGRWTH,A,2011,4.164381,
G-20,CPI,TOT,AGRWTH,A,2012,3.257461,
G-20,CPI,TOT,AGRWTH,A,2013,3.153913,
G-20,CPI,TOT,AGRWTH,A,2014,2.767044,
G-20,CPI,TOT,AGRWTH,A,2015,2.351524,
G-20,CPI,TOT,AGRWTH,A,2016,2.240881,
G-20,CPI,TOT,AGRWTH,A,2017,2.334376,
G-20,CPI,TOT,AGRWTH,A,2018,3.190263,
G-20,CPI,TOT,AGRWTH,A,2019,3.451772,
EU27_2020,CPI,TOT,AGRWTH,A,2001,3.6,
EU27_2020,CPI,TOT,AGRWTH,A,2002,2.7,
EU27_2020,CPI,TOT,AGRWTH,A,2003,2.3,
EU27_2020,CPI,TOT,AGRWTH,A,2004,2.5,
EU27_2020,CPI,TOT,AGRWTH,A,2005,2.3,
EU27_2020,CPI,TOT,AGRWTH,A,2006,2.3,
EU27_2020,CPI,TOT,AGRWTH,A,2007,2.4,
EU27_2020,CPI,TOT,AGRWTH,A,2008,3.7,
EU27_2020,CPI,TOT,AGRWTH,A,2009,0.8,
EU27_2020,CPI,TOT,AGRWTH,A,2010,1.8,
EU27_2020,CPI,TOT,AGRWTH,A,2011,2.9,
EU27_2020,CPI,TOT,AGRWTH,A,2012,2.6,
EU27_2020,CPI,TOT,AGRWTH,A,2013,1.3,
EU27_2020,CPI,TOT,AGRWTH,A,2014,0.4,
EU27_2020,CPI,TOT,AGRWTH,A,2015,0.1,
EU27_2020,CPI,TOT,AGRWTH,A,2016,0.2,
EU27_2020,CPI,TOT,AGRWTH,A,2017,1.6,
EU27_2020,CPI,TOT,AGRWTH,A,2018,1.8,
EU27_2020,CPI,TOT,AGRWTH,A,2019,1.4,
