"LOCATION","INDICATOR","SUBJECT","MEASURE","FREQUENCY","TIME","Value","Flag Codes"
"AUS","LABCOMP","TOT","AGRWTH","A","1986",5.168118,
"AUS","LABCOMP","TOT","AGRWTH","A","1987",5.91559,
"AUS","LABCOMP","TOT","AGRWTH","A","1988",7.255069,
"AUS","LABCOMP","TOT","AGRWTH","A","1989",5.978699,
"AUS","LABCOMP","TOT","AGRWTH","A","1990",6.079851,
"AUS","LABCOMP","TOT","AGRWTH","A","1991",3.586468,
"AUS","LABCOMP","TOT","AGRWTH","A","1992",3.418437,
"AUS","LABCOMP","TOT","AGRWTH","A","1993",0.228511,
"AUS","LABCOMP","TOT","AGRWTH","A","1994",1.571415,
"AUS","LABCOMP","TOT","AGRWTH","A","1995",5.638907,
"AUS","LABCOMP","TOT","AGRWTH","A","1996",6.317504,
"AUS","LABCOMP","TOT","AGRWTH","A","1997",2.936678,
"AUS","LABCOMP","TOT","AGRWTH","A","1998",3.603119,
"AUS","LABCOMP","TOT","AGRWTH","A","1999",1.888843,
"AUS","LABCOMP","TOT","AGRWTH","A","2000",5.489816,
"AUS","LABCOMP","TOT","AGRWTH","A","2001",5.170809,
"AUS","LABCOMP","TOT","AGRWTH","A","2002",3.633427,
"AUS","LABCOMP","TOT","AGRWTH","A","2003",4.339512,
"AUS","LABCOMP","TOT","AGRWTH","A","2004",3.418583,
"AUS","LABCOMP","TOT","AGRWTH","A","2005",4.108214,
"AUS","LABCOMP","TOT","AGRWTH","A","2006",5.250178,
"AUS","LABCOMP","TOT","AGRWTH","A","2007",6.134464,
"AUS","LABCOMP","TOT","AGRWTH","A","2008",5.411867,
"AUS","LABCOMP","TOT","AGRWTH","A","2009",0.712343,
"AUS","LABCOMP","TOT","AGRWTH","A","2010",7.812029,
"AUS","LABCOMP","TOT","AGRWTH","A","2011",2.785226,
"AUS","LABCOMP","TOT","AGRWTH","A","2012",3.05415,
"AUS","LABCOMP","TOT","AGRWTH","A","2013",2.92095,
"AUS","LABCOMP","TOT","AGRWTH","A","2014",1.18262,
"AUS","LABCOMP","TOT","AGRWTH","A","2015",2.681952,
"AUS","LABCOMP","TOT","AGRWTH","A","2016",-0.260908,
"AUS","LABCOMP","TOT","AGRWTH","A","2017",1.896507,
"AUT","LABCOMP","TOT","AGRWTH","A","1996",-0.031777,
"AUT","LABCOMP","TOT","AGRWTH","A","1997",0.710362,
"AUT","LABCOMP","TOT","AGRWTH","A","1998",3.820385,
"AUT","LABCOMP","TOT","AGRWTH","A","1999",1.918016,
"AUT","LABCOMP","TOT","AGRWTH","A","2000",2.617126,
"AUT","LABCOMP","TOT","AGRWTH","A","2001",1.991982,
"AUT","LABCOMP","TOT","AGRWTH","A","2002",2.389616,
"AUT","LABCOMP","TOT","AGRWTH","A","2003",2.177083,
"AUT","LABCOMP","TOT","AGRWTH","A","2004",1.650115,
"AUT","LABCOMP","TOT","AGRWTH","A","2005",2.789058,
"AUT","LABCOMP","TOT","AGRWTH","A","2006",3.966906,
"AUT","LABCOMP","TOT","AGRWTH","A","2007",3.148747,
"AUT","LABCOMP","TOT","AGRWTH","A","2008",3.042324,
"AUT","LABCOMP","TOT","AGRWTH","A","2009",4.226997,
"AUT","LABCOMP","TOT","AGRWTH","A","2010",1.116817,
"AUT","LABCOMP","TOT","AGRWTH","A","2011",2.035219,
"AUT","LABCOMP","TOT","AGRWTH","A","2012",3.724269,
"AUT","LABCOMP","TOT","AGRWTH","A","2013",2.925548,
"AUT","LABCOMP","TOT","AGRWTH","A","2014",2.221137,
"AUT","LABCOMP","TOT","AGRWTH","A","2015",3.287842,
"AUT","LABCOMP","TOT","AGRWTH","A","2016",1.540303,
"AUT","LABCOMP","TOT","AGRWTH","A","2017",2.383763,
"AUT","LABCOMP","TOT","AGRWTH","A","2018",2.885297,
"AUT","LABCOMP","TOT","AGRWTH","A","2019",2.846941,
"BEL","LABCOMP","TOT","AGRWTH","A","1996",2.222327,
"BEL","LABCOMP","TOT","AGRWTH","A","1997",2.585498,
"BEL","LABCOMP","TOT","AGRWTH","A","1998",1.69565,
"BEL","LABCOMP","TOT","AGRWTH","A","1999",3.261917,
"BEL","LABCOMP","TOT","AGRWTH","A","2000",1.132679,
"BEL","LABCOMP","TOT","AGRWTH","A","2001",3.996253,
"BEL","LABCOMP","TOT","AGRWTH","A","2002",3.707888,
"BEL","LABCOMP","TOT","AGRWTH","A","2003",1.414781,
"BEL","LABCOMP","TOT","AGRWTH","A","2004",2.113562,
"BEL","LABCOMP","TOT","AGRWTH","A","2005",2.375336,
"BEL","LABCOMP","TOT","AGRWTH","A","2006",3.01447,
"BEL","LABCOMP","TOT","AGRWTH","A","2007",3.401708,
"BEL","LABCOMP","TOT","AGRWTH","A","2008",4.300984,
"BEL","LABCOMP","TOT","AGRWTH","A","2009",2.989028,
"BEL","LABCOMP","TOT","AGRWTH","A","2010",1.303233,
"BEL","LABCOMP","TOT","AGRWTH","A","2011",2.34751,
"BEL","LABCOMP","TOT","AGRWTH","A","2012",3.337143,
"BEL","LABCOMP","TOT","AGRWTH","A","2013",2.693429,
"BEL","LABCOMP","TOT","AGRWTH","A","2014",1.131727,
"BEL","LABCOMP","TOT","AGRWTH","A","2015",0.348831,
"BEL","LABCOMP","TOT","AGRWTH","A","2016",0.286994,
"BEL","LABCOMP","TOT","AGRWTH","A","2017",1.487221,
"BEL","LABCOMP","TOT","AGRWTH","A","2018",1.621463,
"BEL","LABCOMP","TOT","AGRWTH","A","2019",2.234745,
"CAN","LABCOMP","TOT","AGRWTH","A","1971",7.897271,
"CAN","LABCOMP","TOT","AGRWTH","A","1972",9.042638,
"CAN","LABCOMP","TOT","AGRWTH","A","1973",9.265051,
"CAN","LABCOMP","TOT","AGRWTH","A","1974",15.520284,
"CAN","LABCOMP","TOT","AGRWTH","A","1975",16.115578,
"CAN","LABCOMP","TOT","AGRWTH","A","1976",15.280747,
"CAN","LABCOMP","TOT","AGRWTH","A","1977",9.525712,
"CAN","LABCOMP","TOT","AGRWTH","A","1978",5.693382,
"CAN","LABCOMP","TOT","AGRWTH","A","1979",7.201798,
"CAN","LABCOMP","TOT","AGRWTH","A","1980",9.482326,
"CAN","LABCOMP","TOT","AGRWTH","A","1981",12.892864,
"CAN","LABCOMP","TOT","AGRWTH","A","1982",12.460255,
"CAN","LABCOMP","TOT","AGRWTH","A","1983",4.798444,
"CAN","LABCOMP","TOT","AGRWTH","A","1984",4.499311,
"CAN","LABCOMP","TOT","AGRWTH","A","1985",4.13033,
"CAN","LABCOMP","TOT","AGRWTH","A","1986",2.967204,
"CAN","LABCOMP","TOT","AGRWTH","A","1987",4.710037,
"CAN","LABCOMP","TOT","AGRWTH","A","1988",6.030677,
"CAN","LABCOMP","TOT","AGRWTH","A","1989",5.638295,
"CAN","LABCOMP","TOT","AGRWTH","A","1990",5.294696,
"CAN","LABCOMP","TOT","AGRWTH","A","1991",6.381191,
"CAN","LABCOMP","TOT","AGRWTH","A","1992",3.780248,
"CAN","LABCOMP","TOT","AGRWTH","A","1993",1.617504,
"CAN","LABCOMP","TOT","AGRWTH","A","1994",0.402617,
"CAN","LABCOMP","TOT","AGRWTH","A","1995",1.436471,
"CAN","LABCOMP","TOT","AGRWTH","A","1996",1.298426,
"CAN","LABCOMP","TOT","AGRWTH","A","1997",3.478049,
"CAN","LABCOMP","TOT","AGRWTH","A","1998",3.693229,
"CAN","LABCOMP","TOT","AGRWTH","A","1999",2.265959,
"CAN","LABCOMP","TOT","AGRWTH","A","2000",5.847368,
"CAN","LABCOMP","TOT","AGRWTH","A","2001",3.183597,
"CAN","LABCOMP","TOT","AGRWTH","A","2002",2.13136,
"CAN","LABCOMP","TOT","AGRWTH","A","2003",2.438638,
"CAN","LABCOMP","TOT","AGRWTH","A","2004",3.161688,
"CAN","LABCOMP","TOT","AGRWTH","A","2005",4.388354,
"CAN","LABCOMP","TOT","AGRWTH","A","2006",4.53905,
"CAN","LABCOMP","TOT","AGRWTH","A","2007",4.201849,
"CAN","LABCOMP","TOT","AGRWTH","A","2008",2.907317,
"CAN","LABCOMP","TOT","AGRWTH","A","2009",2.673564,
"CAN","LABCOMP","TOT","AGRWTH","A","2010",0.799835,
"CAN","LABCOMP","TOT","AGRWTH","A","2011",3.446599,
"CAN","LABCOMP","TOT","AGRWTH","A","2012",2.758123,
"CAN","LABCOMP","TOT","AGRWTH","A","2013",3.139546,
"CAN","LABCOMP","TOT","AGRWTH","A","2014",3.264073,
"CAN","LABCOMP","TOT","AGRWTH","A","2015",1.878471,
"CAN","LABCOMP","TOT","AGRWTH","A","2016",-0.811222,
"CAN","LABCOMP","TOT","AGRWTH","A","2017",2.586582,
"CAN","LABCOMP","TOT","AGRWTH","A","2018",2.392978,
"CAN","LABCOMP","TOT","AGRWTH","A","2019",3.263345,
"CZE","LABCOMP","TOT","AGRWTH","A","1996",17.613248,
"CZE","LABCOMP","TOT","AGRWTH","A","1997",10.036688,
"CZE","LABCOMP","TOT","AGRWTH","A","1998",7.777189,
"CZE","LABCOMP","TOT","AGRWTH","A","1999",4.819705,
"CZE","LABCOMP","TOT","AGRWTH","A","2000",7.616717,
"CZE","LABCOMP","TOT","AGRWTH","A","2001",13.605972,
"CZE","LABCOMP","TOT","AGRWTH","A","2002",8.393537,
"CZE","LABCOMP","TOT","AGRWTH","A","2003",9.084076,
"CZE","LABCOMP","TOT","AGRWTH","A","2004",6.467072,
"CZE","LABCOMP","TOT","AGRWTH","A","2005",3.460333,
"CZE","LABCOMP","TOT","AGRWTH","A","2006",6.727779,
"CZE","LABCOMP","TOT","AGRWTH","A","2007",6.689766,
"CZE","LABCOMP","TOT","AGRWTH","A","2008",3.223054,
"CZE","LABCOMP","TOT","AGRWTH","A","2009",-0.503854,
"CZE","LABCOMP","TOT","AGRWTH","A","2010",2.465206,
"CZE","LABCOMP","TOT","AGRWTH","A","2011",2.300515,
"CZE","LABCOMP","TOT","AGRWTH","A","2012",2.600969,
"CZE","LABCOMP","TOT","AGRWTH","A","2013",0.132803,
"CZE","LABCOMP","TOT","AGRWTH","A","2014",2.348947,
"CZE","LABCOMP","TOT","AGRWTH","A","2015",4.517817,
"CZE","LABCOMP","TOT","AGRWTH","A","2016",2.51093,
"CZE","LABCOMP","TOT","AGRWTH","A","2017",7.32301,
"CZE","LABCOMP","TOT","AGRWTH","A","2018",7.636937,
"CZE","LABCOMP","TOT","AGRWTH","A","2019",5.876512,
"DNK","LABCOMP","TOT","AGRWTH","A","1971",15.003828,
"DNK","LABCOMP","TOT","AGRWTH","A","1972",12.073626,
"DNK","LABCOMP","TOT","AGRWTH","A","1973",15.915042,
"DNK","LABCOMP","TOT","AGRWTH","A","1974",19.412894,
"DNK","LABCOMP","TOT","AGRWTH","A","1975",19.360833,
"DNK","LABCOMP","TOT","AGRWTH","A","1976",11.135417,
"DNK","LABCOMP","TOT","AGRWTH","A","1977",12.627542,
"DNK","LABCOMP","TOT","AGRWTH","A","1978",11.055572,
"DNK","LABCOMP","TOT","AGRWTH","A","1979",10.056883,
"DNK","LABCOMP","TOT","AGRWTH","A","1980",8.782662,
"DNK","LABCOMP","TOT","AGRWTH","A","1981",12.297658,
"DNK","LABCOMP","TOT","AGRWTH","A","1982",11.718557,
"DNK","LABCOMP","TOT","AGRWTH","A","1983",9.081112,
"DNK","LABCOMP","TOT","AGRWTH","A","1984",6.065423,
"DNK","LABCOMP","TOT","AGRWTH","A","1985",5.894402,
"DNK","LABCOMP","TOT","AGRWTH","A","1986",4.424895,
"DNK","LABCOMP","TOT","AGRWTH","A","1987",10.132068,
"DNK","LABCOMP","TOT","AGRWTH","A","1988",7.213214,
"DNK","LABCOMP","TOT","AGRWTH","A","1989",5.372589,
"DNK","LABCOMP","TOT","AGRWTH","A","1990",5.000752,
"DNK","LABCOMP","TOT","AGRWTH","A","1991",4.497507,
"DNK","LABCOMP","TOT","AGRWTH","A","1992",2.875838,
"DNK","LABCOMP","TOT","AGRWTH","A","1993",2.47547,
"DNK","LABCOMP","TOT","AGRWTH","A","1994",3.666019,
"DNK","LABCOMP","TOT","AGRWTH","A","1995",2.592553,
"DNK","LABCOMP","TOT","AGRWTH","A","1996",4.800741,
"DNK","LABCOMP","TOT","AGRWTH","A","1997",1.533116,
"DNK","LABCOMP","TOT","AGRWTH","A","1998",3.233329,
"DNK","LABCOMP","TOT","AGRWTH","A","1999",2.661271,
"DNK","LABCOMP","TOT","AGRWTH","A","2000",2.998343,
"DNK","LABCOMP","TOT","AGRWTH","A","2001",3.58403,
"DNK","LABCOMP","TOT","AGRWTH","A","2002",4.508693,
"DNK","LABCOMP","TOT","AGRWTH","A","2003",3.815326,
"DNK","LABCOMP","TOT","AGRWTH","A","2004",3.082753,
"DNK","LABCOMP","TOT","AGRWTH","A","2005",3.448181,
"DNK","LABCOMP","TOT","AGRWTH","A","2006",3.085986,
"DNK","LABCOMP","TOT","AGRWTH","A","2007",5.050748,
"DNK","LABCOMP","TOT","AGRWTH","A","2008",3.639002,
"DNK","LABCOMP","TOT","AGRWTH","A","2009",3.615084,
"DNK","LABCOMP","TOT","AGRWTH","A","2010",2.784789,
"DNK","LABCOMP","TOT","AGRWTH","A","2011",0.380097,
"DNK","LABCOMP","TOT","AGRWTH","A","2012",2.692043,
"DNK","LABCOMP","TOT","AGRWTH","A","2013",1.490349,
"DNK","LABCOMP","TOT","AGRWTH","A","2014",2.313366,
"DNK","LABCOMP","TOT","AGRWTH","A","2015",2.549173,
"DNK","LABCOMP","TOT","AGRWTH","A","2016",0.590233,
"DNK","LABCOMP","TOT","AGRWTH","A","2017",1.907267,
"DNK","LABCOMP","TOT","AGRWTH","A","2018",3.30151,
"DNK","LABCOMP","TOT","AGRWTH","A","2019",1.617299,
"FIN","LABCOMP","TOT","AGRWTH","A","1976",17.057988,
"FIN","LABCOMP","TOT","AGRWTH","A","1977",10.106378,
"FIN","LABCOMP","TOT","AGRWTH","A","1978",5.820839,
"FIN","LABCOMP","TOT","AGRWTH","A","1979",11.931703,
"FIN","LABCOMP","TOT","AGRWTH","A","1980",13.388342,
"FIN","LABCOMP","TOT","AGRWTH","A","1981",14.344186,
"FIN","LABCOMP","TOT","AGRWTH","A","1982",10.312444,
"FIN","LABCOMP","TOT","AGRWTH","A","1983",10.769801,
"FIN","LABCOMP","TOT","AGRWTH","A","1984",10.600213,
"FIN","LABCOMP","TOT","AGRWTH","A","1985",10.681514,
"FIN","LABCOMP","TOT","AGRWTH","A","1986",8.373714,
"FIN","LABCOMP","TOT","AGRWTH","A","1987",7.263002,
"FIN","LABCOMP","TOT","AGRWTH","A","1988",8.996441,
"FIN","LABCOMP","TOT","AGRWTH","A","1989",10.383821,
"FIN","LABCOMP","TOT","AGRWTH","A","1990",11.077537,
"FIN","LABCOMP","TOT","AGRWTH","A","1991",7.631908,
"FIN","LABCOMP","TOT","AGRWTH","A","1992",2.233176,
"FIN","LABCOMP","TOT","AGRWTH","A","1993",0.77519,
"FIN","LABCOMP","TOT","AGRWTH","A","1994",2.109111,
"FIN","LABCOMP","TOT","AGRWTH","A","1995",3.290538,
"FIN","LABCOMP","TOT","AGRWTH","A","1996",2.838808,
"FIN","LABCOMP","TOT","AGRWTH","A","1997",1.618411,
"FIN","LABCOMP","TOT","AGRWTH","A","1998",4.972391,
"FIN","LABCOMP","TOT","AGRWTH","A","1999",3.651956,
"FIN","LABCOMP","TOT","AGRWTH","A","2000",4.361975,
"FIN","LABCOMP","TOT","AGRWTH","A","2001",4.303674,
"FIN","LABCOMP","TOT","AGRWTH","A","2002",2.001799,
"FIN","LABCOMP","TOT","AGRWTH","A","2003",2.325191,
"FIN","LABCOMP","TOT","AGRWTH","A","2004",3.414595,
"FIN","LABCOMP","TOT","AGRWTH","A","2005",4.097053,
"FIN","LABCOMP","TOT","AGRWTH","A","2006",3.463032,
"FIN","LABCOMP","TOT","AGRWTH","A","2007",3.285353,
"FIN","LABCOMP","TOT","AGRWTH","A","2008",4.404562,
"FIN","LABCOMP","TOT","AGRWTH","A","2009",3.623842,
"FIN","LABCOMP","TOT","AGRWTH","A","2010",1.557834,
"FIN","LABCOMP","TOT","AGRWTH","A","2011",3.421563,
"FIN","LABCOMP","TOT","AGRWTH","A","2012",3.32384,
"FIN","LABCOMP","TOT","AGRWTH","A","2013",1.657332,
"FIN","LABCOMP","TOT","AGRWTH","A","2014",1.12718,
"FIN","LABCOMP","TOT","AGRWTH","A","2015",1.524571,
"FIN","LABCOMP","TOT","AGRWTH","A","2016",0.891697,
"FIN","LABCOMP","TOT","AGRWTH","A","2017",-0.902901,
"FIN","LABCOMP","TOT","AGRWTH","A","2018",1.465896,
"FIN","LABCOMP","TOT","AGRWTH","A","2019",1.611306,
"FRA","LABCOMP","TOT","AGRWTH","A","1971",11.077833,
"FRA","LABCOMP","TOT","AGRWTH","A","1972",12.645153,
"FRA","LABCOMP","TOT","AGRWTH","A","1973",13.010087,
"FRA","LABCOMP","TOT","AGRWTH","A","1974",19.277924,
"FRA","LABCOMP","TOT","AGRWTH","A","1975",19.971432,
"FRA","LABCOMP","TOT","AGRWTH","A","1976",12.759936,
"FRA","LABCOMP","TOT","AGRWTH","A","1977",14.266359,
"FRA","LABCOMP","TOT","AGRWTH","A","1978",14.000162,
"FRA","LABCOMP","TOT","AGRWTH","A","1979",12.509638,
"FRA","LABCOMP","TOT","AGRWTH","A","1980",14.449393,
"FRA","LABCOMP","TOT","AGRWTH","A","1981",14.579028,
"FRA","LABCOMP","TOT","AGRWTH","A","1982",19.279922,
"FRA","LABCOMP","TOT","AGRWTH","A","1983",10.936771,
"FRA","LABCOMP","TOT","AGRWTH","A","1984",8.06651,
"FRA","LABCOMP","TOT","AGRWTH","A","1985",7.561657,
"FRA","LABCOMP","TOT","AGRWTH","A","1986",4.271408,
"FRA","LABCOMP","TOT","AGRWTH","A","1987",2.105016,
"FRA","LABCOMP","TOT","AGRWTH","A","1988",3.502119,
"FRA","LABCOMP","TOT","AGRWTH","A","1989",4.848057,
"FRA","LABCOMP","TOT","AGRWTH","A","1990",5.188373,
"FRA","LABCOMP","TOT","AGRWTH","A","1991",4.301609,
"FRA","LABCOMP","TOT","AGRWTH","A","1992",3.73979,
"FRA","LABCOMP","TOT","AGRWTH","A","1993",2.547113,
"FRA","LABCOMP","TOT","AGRWTH","A","1994",1.032742,
"FRA","LABCOMP","TOT","AGRWTH","A","1995",3.254662,
"FRA","LABCOMP","TOT","AGRWTH","A","1996",2.027365,
"FRA","LABCOMP","TOT","AGRWTH","A","1997",1.684985,
"FRA","LABCOMP","TOT","AGRWTH","A","1998",2.108011,
"FRA","LABCOMP","TOT","AGRWTH","A","1999",1.903787,
"FRA","LABCOMP","TOT","AGRWTH","A","2000",4.019442,
"FRA","LABCOMP","TOT","AGRWTH","A","2001",3.908356,
"FRA","LABCOMP","TOT","AGRWTH","A","2002",5.651682,
"FRA","LABCOMP","TOT","AGRWTH","A","2003",2.673525,
"FRA","LABCOMP","TOT","AGRWTH","A","2004",1.782001,
"FRA","LABCOMP","TOT","AGRWTH","A","2005",2.882639,
"FRA","LABCOMP","TOT","AGRWTH","A","2006",4.335613,
"FRA","LABCOMP","TOT","AGRWTH","A","2007",0.830969,
"FRA","LABCOMP","TOT","AGRWTH","A","2008",1.991141,
"FRA","LABCOMP","TOT","AGRWTH","A","2009",2.572076,
"FRA","LABCOMP","TOT","AGRWTH","A","2010",2.232579,
"FRA","LABCOMP","TOT","AGRWTH","A","2011",1.852085,
"FRA","LABCOMP","TOT","AGRWTH","A","2012",2.570975,
"FRA","LABCOMP","TOT","AGRWTH","A","2013",2.688229,
"FRA","LABCOMP","TOT","AGRWTH","A","2014",1.563838,
"FRA","LABCOMP","TOT","AGRWTH","A","2015",1.049999,
"FRA","LABCOMP","TOT","AGRWTH","A","2016",0.804341,
"FRA","LABCOMP","TOT","AGRWTH","A","2017",2.989878,
"FRA","LABCOMP","TOT","AGRWTH","A","2018",2.307038,
"FRA","LABCOMP","TOT","AGRWTH","A","2019",-1.068679,
"DEU","LABCOMP","TOT","AGRWTH","A","1992",9.492045,
"DEU","LABCOMP","TOT","AGRWTH","A","1993",6.216897,
"DEU","LABCOMP","TOT","AGRWTH","A","1994",3.392296,
"DEU","LABCOMP","TOT","AGRWTH","A","1995",3.956431,
"DEU","LABCOMP","TOT","AGRWTH","A","1996",2.085536,
"DEU","LABCOMP","TOT","AGRWTH","A","1997",1.439934,
"DEU","LABCOMP","TOT","AGRWTH","A","1998",1.201966,
"DEU","LABCOMP","TOT","AGRWTH","A","1999",2.178739,
"DEU","LABCOMP","TOT","AGRWTH","A","2000",3.418983,
"DEU","LABCOMP","TOT","AGRWTH","A","2001",2.363219,
"DEU","LABCOMP","TOT","AGRWTH","A","2002",1.789037,
"DEU","LABCOMP","TOT","AGRWTH","A","2003",2.129195,
"DEU","LABCOMP","TOT","AGRWTH","A","2004",0.361232,
"DEU","LABCOMP","TOT","AGRWTH","A","2005",1.071073,
"DEU","LABCOMP","TOT","AGRWTH","A","2006",-0.785439,
"DEU","LABCOMP","TOT","AGRWTH","A","2007",0.796572,
"DEU","LABCOMP","TOT","AGRWTH","A","2008",2.709435,
"DEU","LABCOMP","TOT","AGRWTH","A","2009",3.813464,
"DEU","LABCOMP","TOT","AGRWTH","A","2010",0.729342,
"DEU","LABCOMP","TOT","AGRWTH","A","2011",2.705914,
"DEU","LABCOMP","TOT","AGRWTH","A","2012",3.980933,
"DEU","LABCOMP","TOT","AGRWTH","A","2013",2.649991,
"DEU","LABCOMP","TOT","AGRWTH","A","2014",2.33401,
"DEU","LABCOMP","TOT","AGRWTH","A","2015",2.558737,
"DEU","LABCOMP","TOT","AGRWTH","A","2016",2.50909,
"DEU","LABCOMP","TOT","AGRWTH","A","2017",2.809382,
"DEU","LABCOMP","TOT","AGRWTH","A","2018",2.82448,
"DEU","LABCOMP","TOT","AGRWTH","A","2019",3.175468,
"GRC","LABCOMP","TOT","AGRWTH","A","1996",9.420783,
"GRC","LABCOMP","TOT","AGRWTH","A","1997",13.847756,
"GRC","LABCOMP","TOT","AGRWTH","A","1998",5.812504,
"GRC","LABCOMP","TOT","AGRWTH","A","1999",6.291557,
"GRC","LABCOMP","TOT","AGRWTH","A","2000",5.297984,
"GRC","LABCOMP","TOT","AGRWTH","A","2001",5.803532,
"GRC","LABCOMP","TOT","AGRWTH","A","2002",11.014317,
"GRC","LABCOMP","TOT","AGRWTH","A","2003",7.668384,
"GRC","LABCOMP","TOT","AGRWTH","A","2004",4.978182,
"GRC","LABCOMP","TOT","AGRWTH","A","2005",3.118726,
"GRC","LABCOMP","TOT","AGRWTH","A","2006",3.691443,
"GRC","LABCOMP","TOT","AGRWTH","A","2007",4.421524,
"GRC","LABCOMP","TOT","AGRWTH","A","2008",3.950761,
"GRC","LABCOMP","TOT","AGRWTH","A","2009",3.910929,
"GRC","LABCOMP","TOT","AGRWTH","A","2010",2.468074,
"GRC","LABCOMP","TOT","AGRWTH","A","2011",-3.54203,
"GRC","LABCOMP","TOT","AGRWTH","A","2012",-3.282232,
"GRC","LABCOMP","TOT","AGRWTH","A","2013",-7.025789,
"GRC","LABCOMP","TOT","AGRWTH","A","2014",-0.491342,
"GRC","LABCOMP","TOT","AGRWTH","A","2015",-1.99544,
"GRC","LABCOMP","TOT","AGRWTH","A","2016",-1.54812,
"GRC","LABCOMP","TOT","AGRWTH","A","2017",0.286368,
"GRC","LABCOMP","TOT","AGRWTH","A","2018",1.322444,
"GRC","LABCOMP","TOT","AGRWTH","A","2019",1.930426,
"HUN","LABCOMP","TOT","AGRWTH","A","1996",22.484476,
"HUN","LABCOMP","TOT","AGRWTH","A","1997",20.930435,
"HUN","LABCOMP","TOT","AGRWTH","A","1998",15.778145,
"HUN","LABCOMP","TOT","AGRWTH","A","1999",7.550825,
"HUN","LABCOMP","TOT","AGRWTH","A","2000",16.790354,
"HUN","LABCOMP","TOT","AGRWTH","A","2001",17.3688,
"HUN","LABCOMP","TOT","AGRWTH","A","2002",12.258128,
"HUN","LABCOMP","TOT","AGRWTH","A","2003",10.807169,
"HUN","LABCOMP","TOT","AGRWTH","A","2004",11.295785,
"HUN","LABCOMP","TOT","AGRWTH","A","2005",9.074049,
"HUN","LABCOMP","TOT","AGRWTH","A","2006",6.346566,
"HUN","LABCOMP","TOT","AGRWTH","A","2007",7.714441,
"HUN","LABCOMP","TOT","AGRWTH","A","2008",7.263704,
"HUN","LABCOMP","TOT","AGRWTH","A","2009",-1.642107,
"HUN","LABCOMP","TOT","AGRWTH","A","2010",0.494938,
"HUN","LABCOMP","TOT","AGRWTH","A","2011",4.740555,
"HUN","LABCOMP","TOT","AGRWTH","A","2012",3.567059,
"HUN","LABCOMP","TOT","AGRWTH","A","2013",0.562291,
"HUN","LABCOMP","TOT","AGRWTH","A","2014",-0.434736,
"HUN","LABCOMP","TOT","AGRWTH","A","2015",1.78404,
"HUN","LABCOMP","TOT","AGRWTH","A","2016",1.327654,
"HUN","LABCOMP","TOT","AGRWTH","A","2017",7.497618,
"HUN","LABCOMP","TOT","AGRWTH","A","2018",6.96597,
"HUN","LABCOMP","TOT","AGRWTH","A","2019",9.447822,
"IRL","LABCOMP","TOT","AGRWTH","A","1996",4.51793,
"IRL","LABCOMP","TOT","AGRWTH","A","1997",6.990791,
"IRL","LABCOMP","TOT","AGRWTH","A","1998",7.536859,
"IRL","LABCOMP","TOT","AGRWTH","A","1999",5.510977,
"IRL","LABCOMP","TOT","AGRWTH","A","2000",8.36417,
"IRL","LABCOMP","TOT","AGRWTH","A","2001",8.465358,
"IRL","LABCOMP","TOT","AGRWTH","A","2002",6.313763,
"IRL","LABCOMP","TOT","AGRWTH","A","2003",7.447374,
"IRL","LABCOMP","TOT","AGRWTH","A","2004",5.844823,
"IRL","LABCOMP","TOT","AGRWTH","A","2005",4.561542,
"IRL","LABCOMP","TOT","AGRWTH","A","2006",4.636845,
"IRL","LABCOMP","TOT","AGRWTH","A","2007",6.542973,
"IRL","LABCOMP","TOT","AGRWTH","A","2008",4.82751,
"IRL","LABCOMP","TOT","AGRWTH","A","2009",0.439511,
"IRL","LABCOMP","TOT","AGRWTH","A","2010",5.196476,
"IRL","LABCOMP","TOT","AGRWTH","A","2011",-0.367955,
"IRL","LABCOMP","TOT","AGRWTH","A","2012",0.369921,
"IRL","LABCOMP","TOT","AGRWTH","A","2013",-0.541093,
"IRL","LABCOMP","TOT","AGRWTH","A","2014",-0.229024,
"IRL","LABCOMP","TOT","AGRWTH","A","2015",1.568525,
"IRL","LABCOMP","TOT","AGRWTH","A","2016",2.297811,
"IRL","LABCOMP","TOT","AGRWTH","A","2017",2.442474,
"IRL","LABCOMP","TOT","AGRWTH","A","2018",1.460769,
"IRL","LABCOMP","TOT","AGRWTH","A","2019",4.546328,
"ITA","LABCOMP","TOT","AGRWTH","A","1981",22.38678,
"ITA","LABCOMP","TOT","AGRWTH","A","1982",15.773462,
"ITA","LABCOMP","TOT","AGRWTH","A","1983",16.555126,
"ITA","LABCOMP","TOT","AGRWTH","A","1984",12.47857,
"ITA","LABCOMP","TOT","AGRWTH","A","1985",10.131532,
"ITA","LABCOMP","TOT","AGRWTH","A","1986",6.647745,
"ITA","LABCOMP","TOT","AGRWTH","A","1987",7.138029,
"ITA","LABCOMP","TOT","AGRWTH","A","1988",8.269547,
"ITA","LABCOMP","TOT","AGRWTH","A","1989",9.038399,
"ITA","LABCOMP","TOT","AGRWTH","A","1990",10.260962,
"ITA","LABCOMP","TOT","AGRWTH","A","1991",7.734684,
"ITA","LABCOMP","TOT","AGRWTH","A","1992",6.129219,
"ITA","LABCOMP","TOT","AGRWTH","A","1993",3.521178,
"ITA","LABCOMP","TOT","AGRWTH","A","1994",3.96341,
"ITA","LABCOMP","TOT","AGRWTH","A","1995",4.09894,
"ITA","LABCOMP","TOT","AGRWTH","A","1996",5.699743,
"ITA","LABCOMP","TOT","AGRWTH","A","1997",4.53542,
"ITA","LABCOMP","TOT","AGRWTH","A","1998",-1.915548,
"ITA","LABCOMP","TOT","AGRWTH","A","1999",2.201379,
"ITA","LABCOMP","TOT","AGRWTH","A","2000",2.305804,
"ITA","LABCOMP","TOT","AGRWTH","A","2001",3.763303,
"ITA","LABCOMP","TOT","AGRWTH","A","2002",3.256156,
"ITA","LABCOMP","TOT","AGRWTH","A","2003",4.159579,
"ITA","LABCOMP","TOT","AGRWTH","A","2004",3.145628,
"ITA","LABCOMP","TOT","AGRWTH","A","2005",3.255645,
"ITA","LABCOMP","TOT","AGRWTH","A","2006",1.903534,
"ITA","LABCOMP","TOT","AGRWTH","A","2007",2.212631,
"ITA","LABCOMP","TOT","AGRWTH","A","2008",2.751146,
"ITA","LABCOMP","TOT","AGRWTH","A","2009",2.755524,
"ITA","LABCOMP","TOT","AGRWTH","A","2010",2.367371,
"ITA","LABCOMP","TOT","AGRWTH","A","2011",1.037594,
"ITA","LABCOMP","TOT","AGRWTH","A","2012",0.964942,
"ITA","LABCOMP","TOT","AGRWTH","A","2013",1.596705,
"ITA","LABCOMP","TOT","AGRWTH","A","2014",0.245546,
"ITA","LABCOMP","TOT","AGRWTH","A","2015",0.750877,
"ITA","LABCOMP","TOT","AGRWTH","A","2016",-0.379478,
"ITA","LABCOMP","TOT","AGRWTH","A","2017",0.307135,
"ITA","LABCOMP","TOT","AGRWTH","A","2018",1.755425,
"ITA","LABCOMP","TOT","AGRWTH","A","2019",1.3841,
"JPN","LABCOMP","TOT","AGRWTH","A","1996",0.522066,
"JPN","LABCOMP","TOT","AGRWTH","A","1997",3.536531,
"JPN","LABCOMP","TOT","AGRWTH","A","1998",0.366201,
"JPN","LABCOMP","TOT","AGRWTH","A","1999",0.78217,
"JPN","LABCOMP","TOT","AGRWTH","A","2000",-0.560005,
"JPN","LABCOMP","TOT","AGRWTH","A","2001",-0.604673,
"JPN","LABCOMP","TOT","AGRWTH","A","2002",-2.130057,
"JPN","LABCOMP","TOT","AGRWTH","A","2003",-1.337717,
"JPN","LABCOMP","TOT","AGRWTH","A","2004",-0.145923,
"JPN","LABCOMP","TOT","AGRWTH","A","2005",0.960839,
"JPN","LABCOMP","TOT","AGRWTH","A","2006",-1.110675,
"JPN","LABCOMP","TOT","AGRWTH","A","2007",-0.539386,
"JPN","LABCOMP","TOT","AGRWTH","A","2008",1.1925,
"JPN","LABCOMP","TOT","AGRWTH","A","2009",-0.661004,
"JPN","LABCOMP","TOT","AGRWTH","A","2010",-1.256654,
"JPN","LABCOMP","TOT","AGRWTH","A","2011",0.687104,
"JPN","LABCOMP","TOT","AGRWTH","A","2012",-0.985196,
"JPN","LABCOMP","TOT","AGRWTH","A","2013",0.832992,
"JPN","LABCOMP","TOT","AGRWTH","A","2014",1.226262,
"JPN","LABCOMP","TOT","AGRWTH","A","2015",0.866444,
"JPN","LABCOMP","TOT","AGRWTH","A","2016",1.737946,
"JPN","LABCOMP","TOT","AGRWTH","A","2017",0.718994,
"JPN","LABCOMP","TOT","AGRWTH","A","2018",2.336757,
"KOR","LABCOMP","TOT","AGRWTH","A","1993",13.316041,
"KOR","LABCOMP","TOT","AGRWTH","A","1994",12.739845,
"KOR","LABCOMP","TOT","AGRWTH","A","1995",14.847237,
"KOR","LABCOMP","TOT","AGRWTH","A","1996",12.860029,
"KOR","LABCOMP","TOT","AGRWTH","A","1997",6.615573,
"KOR","LABCOMP","TOT","AGRWTH","A","1998",7.668232,
"KOR","LABCOMP","TOT","AGRWTH","A","1999",1.382779,
"KOR","LABCOMP","TOT","AGRWTH","A","2000",3.18739,
"KOR","LABCOMP","TOT","AGRWTH","A","2001",7.994953,
"KOR","LABCOMP","TOT","AGRWTH","A","2002",7.748987,
"KOR","LABCOMP","TOT","AGRWTH","A","2003",9.855115,
"KOR","LABCOMP","TOT","AGRWTH","A","2004",5.14485,
"KOR","LABCOMP","TOT","AGRWTH","A","2005",7.3595,
"KOR","LABCOMP","TOT","AGRWTH","A","2006",4.454122,
"KOR","LABCOMP","TOT","AGRWTH","A","2007",7.152099,
"KOR","LABCOMP","TOT","AGRWTH","A","2008",6.662152,
"KOR","LABCOMP","TOT","AGRWTH","A","2009",1.924078,
"KOR","LABCOMP","TOT","AGRWTH","A","2010",5.886086,
"KOR","LABCOMP","TOT","AGRWTH","A","2011",9.297938,
"KOR","LABCOMP","TOT","AGRWTH","A","2012",-0.521878,
"KOR","LABCOMP","TOT","AGRWTH","A","2013",6.535145,
"KOR","LABCOMP","TOT","AGRWTH","A","2014",-0.081105,
"KOR","LABCOMP","TOT","AGRWTH","A","2015",-4.106868,
"LUX","LABCOMP","TOT","AGRWTH","A","1996",2.353394,
"LUX","LABCOMP","TOT","AGRWTH","A","1997",1.91933,
"LUX","LABCOMP","TOT","AGRWTH","A","1998",1.416853,
"LUX","LABCOMP","TOT","AGRWTH","A","1999",4.510091,
"LUX","LABCOMP","TOT","AGRWTH","A","2000",4.890194,
"LUX","LABCOMP","TOT","AGRWTH","A","2001",4.288025,
"LUX","LABCOMP","TOT","AGRWTH","A","2002",4.188816,
"LUX","LABCOMP","TOT","AGRWTH","A","2003",1.559933,
"LUX","LABCOMP","TOT","AGRWTH","A","2004",3.956878,
"LUX","LABCOMP","TOT","AGRWTH","A","2005",5.18165,
"LUX","LABCOMP","TOT","AGRWTH","A","2006",4.218916,
"LUX","LABCOMP","TOT","AGRWTH","A","2007",3.433503,
"LUX","LABCOMP","TOT","AGRWTH","A","2008",2.781187,
"LUX","LABCOMP","TOT","AGRWTH","A","2009",5.075474,
"LUX","LABCOMP","TOT","AGRWTH","A","2010",1.74232,
"LUX","LABCOMP","TOT","AGRWTH","A","2011",1.990233,
"LUX","LABCOMP","TOT","AGRWTH","A","2012",2.336447,
"LUX","LABCOMP","TOT","AGRWTH","A","2013",2.836374,
"LUX","LABCOMP","TOT","AGRWTH","A","2014",3.406187,
"LUX","LABCOMP","TOT","AGRWTH","A","2015",1.263014,
"LUX","LABCOMP","TOT","AGRWTH","A","2016",0.904156,
"LUX","LABCOMP","TOT","AGRWTH","A","2017",3.47448,
"LUX","LABCOMP","TOT","AGRWTH","A","2018",3.274113,
"LUX","LABCOMP","TOT","AGRWTH","A","2019",1.694271,
"NLD","LABCOMP","TOT","AGRWTH","A","1996",0.907635,
"NLD","LABCOMP","TOT","AGRWTH","A","1997",3.026048,
"NLD","LABCOMP","TOT","AGRWTH","A","1998",3.856617,
"NLD","LABCOMP","TOT","AGRWTH","A","1999",4.185926,
"NLD","LABCOMP","TOT","AGRWTH","A","2000",6.657708,
"NLD","LABCOMP","TOT","AGRWTH","A","2001",3.245649,
"NLD","LABCOMP","TOT","AGRWTH","A","2002",5.179027,
"NLD","LABCOMP","TOT","AGRWTH","A","2003",3.64986,
"NLD","LABCOMP","TOT","AGRWTH","A","2004",1.727742,
"NLD","LABCOMP","TOT","AGRWTH","A","2005",2.532448,
"NLD","LABCOMP","TOT","AGRWTH","A","2006",1.991707,
"NLD","LABCOMP","TOT","AGRWTH","A","2007",3.082673,
"NLD","LABCOMP","TOT","AGRWTH","A","2008",3.8324,
"NLD","LABCOMP","TOT","AGRWTH","A","2009",3.156728,
"NLD","LABCOMP","TOT","AGRWTH","A","2010",0.928942,
"NLD","LABCOMP","TOT","AGRWTH","A","2011",1.753639,
"NLD","LABCOMP","TOT","AGRWTH","A","2012",2.708421,
"NLD","LABCOMP","TOT","AGRWTH","A","2013",1.468234,
"NLD","LABCOMP","TOT","AGRWTH","A","2014",0.941189,
"NLD","LABCOMP","TOT","AGRWTH","A","2015",0.148419,
"NLD","LABCOMP","TOT","AGRWTH","A","2016",0.862042,
"NLD","LABCOMP","TOT","AGRWTH","A","2017",1.117171,
"NLD","LABCOMP","TOT","AGRWTH","A","2018",1.902652,
"NLD","LABCOMP","TOT","AGRWTH","A","2019",2.364104,
"NOR","LABCOMP","TOT","AGRWTH","A","1971",15.719087,
"NOR","LABCOMP","TOT","AGRWTH","A","1972",12.05287,
"NOR","LABCOMP","TOT","AGRWTH","A","1973",12.562611,
"NOR","LABCOMP","TOT","AGRWTH","A","1974",14.389057,
"NOR","LABCOMP","TOT","AGRWTH","A","1975",17.337815,
"NOR","LABCOMP","TOT","AGRWTH","A","1976",15.489461,
"NOR","LABCOMP","TOT","AGRWTH","A","1977",12.355843,
"NOR","LABCOMP","TOT","AGRWTH","A","1978",10.354337,
"NOR","LABCOMP","TOT","AGRWTH","A","1979",4.163344,
"NOR","LABCOMP","TOT","AGRWTH","A","1980",9.354412,
"NOR","LABCOMP","TOT","AGRWTH","A","1981",12.167993,
"NOR","LABCOMP","TOT","AGRWTH","A","1982",11.953781,
"NOR","LABCOMP","TOT","AGRWTH","A","1983",8.703749,
"NOR","LABCOMP","TOT","AGRWTH","A","1984",8.505306,
"NOR","LABCOMP","TOT","AGRWTH","A","1985",7.863576,
"NOR","LABCOMP","TOT","AGRWTH","A","1986",9.108481,
"NOR","LABCOMP","TOT","AGRWTH","A","1987",11.70042,
"NOR","LABCOMP","TOT","AGRWTH","A","1988",6.659572,
"NOR","LABCOMP","TOT","AGRWTH","A","1989",4.382214,
"NOR","LABCOMP","TOT","AGRWTH","A","1990",4.776395,
"NOR","LABCOMP","TOT","AGRWTH","A","1991",5.272782,
"NOR","LABCOMP","TOT","AGRWTH","A","1992",3.111417,
"NOR","LABCOMP","TOT","AGRWTH","A","1993",1.572232,
"NOR","LABCOMP","TOT","AGRWTH","A","1994",3.245377,
"NOR","LABCOMP","TOT","AGRWTH","A","1995",4.646239,
"NOR","LABCOMP","TOT","AGRWTH","A","1996",4.731318,
"NOR","LABCOMP","TOT","AGRWTH","A","1997",5.229561,
"NOR","LABCOMP","TOT","AGRWTH","A","1998",7.071445,
"NOR","LABCOMP","TOT","AGRWTH","A","1999",5.4415,
"NOR","LABCOMP","TOT","AGRWTH","A","2000",6.072663,
"NOR","LABCOMP","TOT","AGRWTH","A","2001",7.504553,
"NOR","LABCOMP","TOT","AGRWTH","A","2002",6.509213,
"NOR","LABCOMP","TOT","AGRWTH","A","2003",5.555734,
"NOR","LABCOMP","TOT","AGRWTH","A","2004",3.173138,
"NOR","LABCOMP","TOT","AGRWTH","A","2005",4.677856,
"NOR","LABCOMP","TOT","AGRWTH","A","2006",6.11275,
"NOR","LABCOMP","TOT","AGRWTH","A","2007",5.800954,
"NOR","LABCOMP","TOT","AGRWTH","A","2008",6.017697,
"NOR","LABCOMP","TOT","AGRWTH","A","2009",4.645304,
"NOR","LABCOMP","TOT","AGRWTH","A","2010",2.768987,
"NOR","LABCOMP","TOT","AGRWTH","A","2011",4.28564,
"NOR","LABCOMP","TOT","AGRWTH","A","2012",4.729515,
"NOR","LABCOMP","TOT","AGRWTH","A","2013",5.154696,
"NOR","LABCOMP","TOT","AGRWTH","A","2014",2.813424,
"NOR","LABCOMP","TOT","AGRWTH","A","2015",2.375986,
"NOR","LABCOMP","TOT","AGRWTH","A","2016",1.043573,
"NOR","LABCOMP","TOT","AGRWTH","A","2017",2.919122,
"NOR","LABCOMP","TOT","AGRWTH","A","2018",3.119223,
"NOR","LABCOMP","TOT","AGRWTH","A","2019",3.94568,
"POL","LABCOMP","TOT","AGRWTH","A","1996",27.249078,
"POL","LABCOMP","TOT","AGRWTH","A","1997",20.529883,
"POL","LABCOMP","TOT","AGRWTH","A","1998",13.869733,
"POL","LABCOMP","TOT","AGRWTH","A","1999",14.841819,
"POL","LABCOMP","TOT","AGRWTH","A","2000",9.924581,
"POL","LABCOMP","TOT","AGRWTH","A","2001",9.858481,
"POL","LABCOMP","TOT","AGRWTH","A","2002",3.146213,
"POL","LABCOMP","TOT","AGRWTH","A","2003",1.682912,
"POL","LABCOMP","TOT","AGRWTH","A","2004",2.329753,
"POL","LABCOMP","TOT","AGRWTH","A","2005",2.285147,
"POL","LABCOMP","TOT","AGRWTH","A","2006",2.133067,
"POL","LABCOMP","TOT","AGRWTH","A","2007",5.789813,
"POL","LABCOMP","TOT","AGRWTH","A","2008",8.9549,
"POL","LABCOMP","TOT","AGRWTH","A","2009",4.037787,
"POL","LABCOMP","TOT","AGRWTH","A","2010",8.910897,
"POL","LABCOMP","TOT","AGRWTH","A","2011",5.733153,
"POL","LABCOMP","TOT","AGRWTH","A","2012",4.068663,
"POL","LABCOMP","TOT","AGRWTH","A","2013",1.945809,
"POL","LABCOMP","TOT","AGRWTH","A","2014",1.868574,
"POL","LABCOMP","TOT","AGRWTH","A","2015",1.297435,
"POL","LABCOMP","TOT","AGRWTH","A","2016",4.570421,
"POL","LABCOMP","TOT","AGRWTH","A","2017",6.945423,
"POL","LABCOMP","TOT","AGRWTH","A","2018",9.245669,
"POL","LABCOMP","TOT","AGRWTH","A","2019",7.697644,
"PRT","LABCOMP","TOT","AGRWTH","A","1996",6.158347,
"PRT","LABCOMP","TOT","AGRWTH","A","1997",5.728023,
"PRT","LABCOMP","TOT","AGRWTH","A","1998",5.490904,
"PRT","LABCOMP","TOT","AGRWTH","A","1999",5.331614,
"PRT","LABCOMP","TOT","AGRWTH","A","2000",5.451224,
"PRT","LABCOMP","TOT","AGRWTH","A","2001",4.748114,
"PRT","LABCOMP","TOT","AGRWTH","A","2002",3.900698,
"PRT","LABCOMP","TOT","AGRWTH","A","2003",3.363315,
"PRT","LABCOMP","TOT","AGRWTH","A","2004",2.944918,
"PRT","LABCOMP","TOT","AGRWTH","A","2005",4.596948,
"PRT","LABCOMP","TOT","AGRWTH","A","2006",2.052318,
"PRT","LABCOMP","TOT","AGRWTH","A","2007",3.1856,
"PRT","LABCOMP","TOT","AGRWTH","A","2008",3.11758,
"PRT","LABCOMP","TOT","AGRWTH","A","2009",2.033633,
"PRT","LABCOMP","TOT","AGRWTH","A","2010",1.574948,
"PRT","LABCOMP","TOT","AGRWTH","A","2011",-0.580629,
"PRT","LABCOMP","TOT","AGRWTH","A","2012",-2.403646,
"PRT","LABCOMP","TOT","AGRWTH","A","2013",2.716115,
"PRT","LABCOMP","TOT","AGRWTH","A","2014",-2.310053,
"PRT","LABCOMP","TOT","AGRWTH","A","2015",0.380014,
"PRT","LABCOMP","TOT","AGRWTH","A","2016",1.124293,
"PRT","LABCOMP","TOT","AGRWTH","A","2017",2.760701,
"PRT","LABCOMP","TOT","AGRWTH","A","2018",2.892064,
"PRT","LABCOMP","TOT","AGRWTH","A","2019",3.295385,
"SVK","LABCOMP","TOT","AGRWTH","A","1996",15.261525,
"SVK","LABCOMP","TOT","AGRWTH","A","1997",16.461627,
"SVK","LABCOMP","TOT","AGRWTH","A","1998",10.780937,
"SVK","LABCOMP","TOT","AGRWTH","A","1999",7.322391,
"SVK","LABCOMP","TOT","AGRWTH","A","2000",13.500009,
"SVK","LABCOMP","TOT","AGRWTH","A","2001",6.641616,
"SVK","LABCOMP","TOT","AGRWTH","A","2002",12.040643,
"SVK","LABCOMP","TOT","AGRWTH","A","2003",11.525967,
"SVK","LABCOMP","TOT","AGRWTH","A","2004",5.339183,
"SVK","LABCOMP","TOT","AGRWTH","A","2005",6.65872,
"SVK","LABCOMP","TOT","AGRWTH","A","2006",8.003831,
"SVK","LABCOMP","TOT","AGRWTH","A","2007",8.227626,
"SVK","LABCOMP","TOT","AGRWTH","A","2008",6.444773,
"SVK","LABCOMP","TOT","AGRWTH","A","2009",3.696036,
"SVK","LABCOMP","TOT","AGRWTH","A","2010",3.522821,
"SVK","LABCOMP","TOT","AGRWTH","A","2011",2.580763,
"SVK","LABCOMP","TOT","AGRWTH","A","2012",2.656063,
"SVK","LABCOMP","TOT","AGRWTH","A","2013",3.481624,
"SVK","LABCOMP","TOT","AGRWTH","A","2014",2.591378,
"SVK","LABCOMP","TOT","AGRWTH","A","2015",4.009101,
"SVK","LABCOMP","TOT","AGRWTH","A","2016",3.106953,
"SVK","LABCOMP","TOT","AGRWTH","A","2017",7.160959,
"SVK","LABCOMP","TOT","AGRWTH","A","2018",6.434048,
"SVK","LABCOMP","TOT","AGRWTH","A","2019",7.75688,
"ESP","LABCOMP","TOT","AGRWTH","A","1996",2.999012,
"ESP","LABCOMP","TOT","AGRWTH","A","1997",2.426509,
"ESP","LABCOMP","TOT","AGRWTH","A","1998",1.784806,
"ESP","LABCOMP","TOT","AGRWTH","A","1999",1.470535,
"ESP","LABCOMP","TOT","AGRWTH","A","2000",3.278009,
"ESP","LABCOMP","TOT","AGRWTH","A","2001",2.278776,
"ESP","LABCOMP","TOT","AGRWTH","A","2002",3.234253,
"ESP","LABCOMP","TOT","AGRWTH","A","2003",2.589608,
"ESP","LABCOMP","TOT","AGRWTH","A","2004",3.685406,
"ESP","LABCOMP","TOT","AGRWTH","A","2005",3.511336,
"ESP","LABCOMP","TOT","AGRWTH","A","2006",4.262024,
"ESP","LABCOMP","TOT","AGRWTH","A","2007",4.970277,
"ESP","LABCOMP","TOT","AGRWTH","A","2008",6.535996,
"ESP","LABCOMP","TOT","AGRWTH","A","2009",3.671233,
"ESP","LABCOMP","TOT","AGRWTH","A","2010",1.798072,
"ESP","LABCOMP","TOT","AGRWTH","A","2011",-0.032132,
"ESP","LABCOMP","TOT","AGRWTH","A","2012",-0.326633,
"ESP","LABCOMP","TOT","AGRWTH","A","2013",1.02298,
"ESP","LABCOMP","TOT","AGRWTH","A","2014",0.284393,
"ESP","LABCOMP","TOT","AGRWTH","A","2015",0.680056,
"ESP","LABCOMP","TOT","AGRWTH","A","2016",-0.411567,
"ESP","LABCOMP","TOT","AGRWTH","A","2017",1.193054,
"ESP","LABCOMP","TOT","AGRWTH","A","2018",0.781073,
"ESP","LABCOMP","TOT","AGRWTH","A","2019",2.62408,
"SWE","LABCOMP","TOT","AGRWTH","A","1994",3.848772,
"SWE","LABCOMP","TOT","AGRWTH","A","1995",2.041167,
"SWE","LABCOMP","TOT","AGRWTH","A","1996",5.869501,
"SWE","LABCOMP","TOT","AGRWTH","A","1997",5.613598,
"SWE","LABCOMP","TOT","AGRWTH","A","1998",-1.473825,
"SWE","LABCOMP","TOT","AGRWTH","A","1999",3.217712,
"SWE","LABCOMP","TOT","AGRWTH","A","2000",8.116959,
"SWE","LABCOMP","TOT","AGRWTH","A","2001",5.766484,
"SWE","LABCOMP","TOT","AGRWTH","A","2002",4.754533,
"SWE","LABCOMP","TOT","AGRWTH","A","2003",4.798978,
"SWE","LABCOMP","TOT","AGRWTH","A","2004",2.60437,
"SWE","LABCOMP","TOT","AGRWTH","A","2005",3.675585,
"SWE","LABCOMP","TOT","AGRWTH","A","2006",2.884225,
"SWE","LABCOMP","TOT","AGRWTH","A","2007",4.600188,
"SWE","LABCOMP","TOT","AGRWTH","A","2008",3.062201,
"SWE","LABCOMP","TOT","AGRWTH","A","2009",3.184795,
"SWE","LABCOMP","TOT","AGRWTH","A","2010",0.736221,
"SWE","LABCOMP","TOT","AGRWTH","A","2011",3.063219,
"SWE","LABCOMP","TOT","AGRWTH","A","2012",3.909025,
"SWE","LABCOMP","TOT","AGRWTH","A","2013",2.423942,
"SWE","LABCOMP","TOT","AGRWTH","A","2014",2.315822,
"SWE","LABCOMP","TOT","AGRWTH","A","2015",2.481134,
"SWE","LABCOMP","TOT","AGRWTH","A","2016",1.642048,
"SWE","LABCOMP","TOT","AGRWTH","A","2017",2.932402,
"SWE","LABCOMP","TOT","AGRWTH","A","2018",3.832455,
"SWE","LABCOMP","TOT","AGRWTH","A","2019",4.220855,
"GBR","LABCOMP","TOT","AGRWTH","A","1995",3.543281,
"GBR","LABCOMP","TOT","AGRWTH","A","1996",3.059326,
"GBR","LABCOMP","TOT","AGRWTH","A","1997",7.015567,
"GBR","LABCOMP","TOT","AGRWTH","A","1998",2.330308,
"GBR","LABCOMP","TOT","AGRWTH","A","1999",6.419839,
"GBR","LABCOMP","TOT","AGRWTH","A","2000",6.30428,
"GBR","LABCOMP","TOT","AGRWTH","A","2001",5.133118,
"GBR","LABCOMP","TOT","AGRWTH","A","2002",3.333253,
"GBR","LABCOMP","TOT","AGRWTH","A","2003",5.670975,
"GBR","LABCOMP","TOT","AGRWTH","A","2004",6.345624,
"GBR","LABCOMP","TOT","AGRWTH","A","2005",2.993168,
"GBR","LABCOMP","TOT","AGRWTH","A","2006",6.169104,
"GBR","LABCOMP","TOT","AGRWTH","A","2007",5.238283,
"GBR","LABCOMP","TOT","AGRWTH","A","2008",1.811006,
"GBR","LABCOMP","TOT","AGRWTH","A","2009",1.154414,
"GBR","LABCOMP","TOT","AGRWTH","A","2010",3.803208,
"GBR","LABCOMP","TOT","AGRWTH","A","2011",0.738782,
"GBR","LABCOMP","TOT","AGRWTH","A","2012",0.185413,
"GBR","LABCOMP","TOT","AGRWTH","A","2013",2.624599,
"GBR","LABCOMP","TOT","AGRWTH","A","2014",0.682957,
"GBR","LABCOMP","TOT","AGRWTH","A","2015",1.595204,
"GBR","LABCOMP","TOT","AGRWTH","A","2016",2.283362,
"GBR","LABCOMP","TOT","AGRWTH","A","2017",3.177093,
"GBR","LABCOMP","TOT","AGRWTH","A","2018",3.004373,
"GBR","LABCOMP","TOT","AGRWTH","A","2019",3.556712,
"USA","LABCOMP","TOT","AGRWTH","A","1971",7.277519,
"USA","LABCOMP","TOT","AGRWTH","A","1972",6.86082,
"USA","LABCOMP","TOT","AGRWTH","A","1973",6.548242,
"USA","LABCOMP","TOT","AGRWTH","A","1974",9.069008,
"USA","LABCOMP","TOT","AGRWTH","A","1975",9.675017,
"USA","LABCOMP","TOT","AGRWTH","A","1976",7.572606,
"USA","LABCOMP","TOT","AGRWTH","A","1977",7.576194,
"USA","LABCOMP","TOT","AGRWTH","A","1978",7.980404,
"USA","LABCOMP","TOT","AGRWTH","A","1979",9.052267,
"USA","LABCOMP","TOT","AGRWTH","A","1980",10.474324,
"USA","LABCOMP","TOT","AGRWTH","A","1981",9.70102,
"USA","LABCOMP","TOT","AGRWTH","A","1982",8.172594,
"USA","LABCOMP","TOT","AGRWTH","A","1983",4.833427,
"USA","LABCOMP","TOT","AGRWTH","A","1984",4.966802,
"USA","LABCOMP","TOT","AGRWTH","A","1985",5.681039,
"USA","LABCOMP","TOT","AGRWTH","A","1986",5.38648,
"USA","LABCOMP","TOT","AGRWTH","A","1987",4.055938,
"USA","LABCOMP","TOT","AGRWTH","A","1988",5.468796,
"USA","LABCOMP","TOT","AGRWTH","A","1989",3.634369,
"USA","LABCOMP","TOT","AGRWTH","A","1990",5.604682,
"USA","LABCOMP","TOT","AGRWTH","A","1991",5.539241,
"USA","LABCOMP","TOT","AGRWTH","A","1992",5.749684,
"USA","LABCOMP","TOT","AGRWTH","A","1993",1.913981,
"USA","LABCOMP","TOT","AGRWTH","A","1994",2.131697,
"USA","LABCOMP","TOT","AGRWTH","A","1995",2.076316,
"USA","LABCOMP","TOT","AGRWTH","A","1996",3.901417,
"USA","LABCOMP","TOT","AGRWTH","A","1997",3.42306,
"USA","LABCOMP","TOT","AGRWTH","A","1998",4.921543,
"USA","LABCOMP","TOT","AGRWTH","A","1999",4.414338,
"USA","LABCOMP","TOT","AGRWTH","A","2000",6.532817,
"USA","LABCOMP","TOT","AGRWTH","A","2001",4.419536,
"USA","LABCOMP","TOT","AGRWTH","A","2002",2.528745,
"USA","LABCOMP","TOT","AGRWTH","A","2003",4.063906,
"USA","LABCOMP","TOT","AGRWTH","A","2004",4.478285,
"USA","LABCOMP","TOT","AGRWTH","A","2005",3.676791,
"USA","LABCOMP","TOT","AGRWTH","A","2006",3.86888,
"USA","LABCOMP","TOT","AGRWTH","A","2007",4.444755,
"USA","LABCOMP","TOT","AGRWTH","A","2008",2.998415,
"USA","LABCOMP","TOT","AGRWTH","A","2009",1.93769,
"USA","LABCOMP","TOT","AGRWTH","A","2010",1.895877,
"USA","LABCOMP","TOT","AGRWTH","A","2011",1.983751,
"USA","LABCOMP","TOT","AGRWTH","A","2012",2.172901,
"USA","LABCOMP","TOT","AGRWTH","A","2013",1.487997,
"USA","LABCOMP","TOT","AGRWTH","A","2014",2.518405,
"USA","LABCOMP","TOT","AGRWTH","A","2015",2.743944,
"USA","LABCOMP","TOT","AGRWTH","A","2016",1.234487,
"USA","LABCOMP","TOT","AGRWTH","A","2017",3.063404,
"EST","LABCOMP","TOT","AGRWTH","A","2001",9.884195,
"EST","LABCOMP","TOT","AGRWTH","A","2002",10.117633,
"EST","LABCOMP","TOT","AGRWTH","A","2003",10.458684,
"EST","LABCOMP","TOT","AGRWTH","A","2004",11.636834,
"EST","LABCOMP","TOT","AGRWTH","A","2005",8.917501,
"EST","LABCOMP","TOT","AGRWTH","A","2006",15.408135,
"EST","LABCOMP","TOT","AGRWTH","A","2007",25.689771,
"EST","LABCOMP","TOT","AGRWTH","A","2008",12.048369,
"EST","LABCOMP","TOT","AGRWTH","A","2009",4.173114,
"EST","LABCOMP","TOT","AGRWTH","A","2010",0.369655,
"EST","LABCOMP","TOT","AGRWTH","A","2011",-0.409889,
"EST","LABCOMP","TOT","AGRWTH","A","2012",7.629906,
"EST","LABCOMP","TOT","AGRWTH","A","2013",6.516281,
"EST","LABCOMP","TOT","AGRWTH","A","2014",6.823398,
"EST","LABCOMP","TOT","AGRWTH","A","2015",3.723571,
"EST","LABCOMP","TOT","AGRWTH","A","2016",2.712435,
"EST","LABCOMP","TOT","AGRWTH","A","2017",9.957588,
"EST","LABCOMP","TOT","AGRWTH","A","2018",12.129016,
"EST","LABCOMP","TOT","AGRWTH","A","2019",10.135995,
"ISR","LABCOMP","TOT","AGRWTH","A","1996",13.27986,
"ISR","LABCOMP","TOT","AGRWTH","A","1997",8.27744,
"ISR","LABCOMP","TOT","AGRWTH","A","1998",9.213209,
"ISR","LABCOMP","TOT","AGRWTH","A","1999",5.947115,
"ISR","LABCOMP","TOT","AGRWTH","A","2000",5.329436,
"ISR","LABCOMP","TOT","AGRWTH","A","2001",5.130013,
"ISR","LABCOMP","TOT","AGRWTH","A","2002",-0.592988,
"ISR","LABCOMP","TOT","AGRWTH","A","2003",-1.523938,
"ISR","LABCOMP","TOT","AGRWTH","A","2004",1.898627,
"ISR","LABCOMP","TOT","AGRWTH","A","2005",2.508377,
"ISR","LABCOMP","TOT","AGRWTH","A","2006",6.877438,
"ISR","LABCOMP","TOT","AGRWTH","A","2007",2.06567,
"ISR","LABCOMP","TOT","AGRWTH","A","2008",3.13885,
"ISR","LABCOMP","TOT","AGRWTH","A","2009",-0.924778,
"ISR","LABCOMP","TOT","AGRWTH","A","2010",4.110318,
"ISR","LABCOMP","TOT","AGRWTH","A","2011",4.492868,
"ISR","LABCOMP","TOT","AGRWTH","A","2012",3.875438,
"ISR","LABCOMP","TOT","AGRWTH","A","2013",2.522687,
"ISR","LABCOMP","TOT","AGRWTH","A","2014",1.622488,
"ISR","LABCOMP","TOT","AGRWTH","A","2015",2.892233,
"ISR","LABCOMP","TOT","AGRWTH","A","2016",2.079975,
"ISR","LABCOMP","TOT","AGRWTH","A","2017",3.135819,
"ISR","LABCOMP","TOT","AGRWTH","A","2018",4.285502,
"SVN","LABCOMP","TOT","AGRWTH","A","1996",13.963496,
"SVN","LABCOMP","TOT","AGRWTH","A","1997",12.095152,
"SVN","LABCOMP","TOT","AGRWTH","A","1998",7.415252,
"SVN","LABCOMP","TOT","AGRWTH","A","1999",8.500297,
"SVN","LABCOMP","TOT","AGRWTH","A","2000",10.575052,
"SVN","LABCOMP","TOT","AGRWTH","A","2001",13.234948,
"SVN","LABCOMP","TOT","AGRWTH","A","2002",5.734717,
"SVN","LABCOMP","TOT","AGRWTH","A","2003",6.917454,
"SVN","LABCOMP","TOT","AGRWTH","A","2004",5.867118,
"SVN","LABCOMP","TOT","AGRWTH","A","2005",8.520693,
"SVN","LABCOMP","TOT","AGRWTH","A","2006",6.841286,
"SVN","LABCOMP","TOT","AGRWTH","A","2007",6.856755,
"SVN","LABCOMP","TOT","AGRWTH","A","2008",6.372139,
"SVN","LABCOMP","TOT","AGRWTH","A","2009",0.960835,
"SVN","LABCOMP","TOT","AGRWTH","A","2010",2.864981,
"SVN","LABCOMP","TOT","AGRWTH","A","2011",2.476412,
"SVN","LABCOMP","TOT","AGRWTH","A","2012",0.368535,
"SVN","LABCOMP","TOT","AGRWTH","A","2013",-0.66444,
"SVN","LABCOMP","TOT","AGRWTH","A","2014",0.323105,
"SVN","LABCOMP","TOT","AGRWTH","A","2015",0.846011,
"SVN","LABCOMP","TOT","AGRWTH","A","2016",5.78954,
"SVN","LABCOMP","TOT","AGRWTH","A","2017",4.832373,
"SVN","LABCOMP","TOT","AGRWTH","A","2018",5.064654,
"SVN","LABCOMP","TOT","AGRWTH","A","2019",5.162081,
"EU28","LABCOMP","TOT","AGRWTH","A","1996",3.875648,
"EU28","LABCOMP","TOT","AGRWTH","A","1997",4.174879,
"EU28","LABCOMP","TOT","AGRWTH","A","1998",2.440421,
"EU28","LABCOMP","TOT","AGRWTH","A","1999",4.982511,
"EU28","LABCOMP","TOT","AGRWTH","A","2000",6.639322,
"EU28","LABCOMP","TOT","AGRWTH","A","2001",3.892601,
"EU28","LABCOMP","TOT","AGRWTH","A","2002",3.316784,
"EU28","LABCOMP","TOT","AGRWTH","A","2003",1.424351,
"EU28","LABCOMP","TOT","AGRWTH","A","2004",2.876926,
"EU28","LABCOMP","TOT","AGRWTH","A","2005",2.837608,
"EU28","LABCOMP","TOT","AGRWTH","A","2006",3.002938,
"EU28","LABCOMP","TOT","AGRWTH","A","2007",3.021608,
"EU28","LABCOMP","TOT","AGRWTH","A","2008",0.601612,
"EU28","LABCOMP","TOT","AGRWTH","A","2009",0.105395,
"EU28","LABCOMP","TOT","AGRWTH","A","2010",3.845533,
"EU28","LABCOMP","TOT","AGRWTH","A","2011",1.839839,
"EU28","LABCOMP","TOT","AGRWTH","A","2012",3.405148,
"EU28","LABCOMP","TOT","AGRWTH","A","2013",1.399495,
"EU28","LABCOMP","TOT","AGRWTH","A","2014",1.788585,
"EU28","LABCOMP","TOT","AGRWTH","A","2015",3.185591,
"EU28","LABCOMP","TOT","AGRWTH","A","2016",-0.860072,
"EU28","LABCOMP","TOT","AGRWTH","A","2017",1.589556,
"EU28","LABCOMP","TOT","AGRWTH","A","2018",2.540975,
"EU28","LABCOMP","TOT","AGRWTH","A","2019",2.537727,
"MEX","LABCOMP","TOT","AGRWTH","A","1996",23.53197,
"MEX","LABCOMP","TOT","AGRWTH","A","1997",20.673197,
"MEX","LABCOMP","TOT","AGRWTH","A","1998",24.086149,
"MEX","LABCOMP","TOT","AGRWTH","A","1999",16.376784,
"MEX","LABCOMP","TOT","AGRWTH","A","2000",19.279248,
"MEX","LABCOMP","TOT","AGRWTH","A","2001",11.531713,
"MEX","LABCOMP","TOT","AGRWTH","A","2002",2.194262,
"MEX","LABCOMP","TOT","AGRWTH","A","2003",8.523526,
"MEX","LABCOMP","TOT","AGRWTH","A","2004",4.167451,
"MEX","LABCOMP","TOT","AGRWTH","A","2005",2.591502,
"MEX","LABCOMP","TOT","AGRWTH","A","2006",6.714804,
"MEX","LABCOMP","TOT","AGRWTH","A","2007",6.103182,
"MEX","LABCOMP","TOT","AGRWTH","A","2008",2.659008,
"MEX","LABCOMP","TOT","AGRWTH","A","2009",8.814851,
"MEX","LABCOMP","TOT","AGRWTH","A","2010",-4.415826,
"MEX","LABCOMP","TOT","AGRWTH","A","2011",6.0852,
"MEX","LABCOMP","TOT","AGRWTH","A","2012",4.196596,
"MEX","LABCOMP","TOT","AGRWTH","A","2013",2.843422,
"NZL","LABCOMP","TOT","AGRWTH","A","1991",-1.530941,
"NZL","LABCOMP","TOT","AGRWTH","A","1992",5.247115,
"NZL","LABCOMP","TOT","AGRWTH","A","1993",0.86945,
"NZL","LABCOMP","TOT","AGRWTH","A","1994",2.550068,
"NZL","LABCOMP","TOT","AGRWTH","A","1995",1.765952,
"NZL","LABCOMP","TOT","AGRWTH","A","1996",3.111984,
"NZL","LABCOMP","TOT","AGRWTH","A","1997",3.658532,
"NZL","LABCOMP","TOT","AGRWTH","A","1998",-0.532927,
"NZL","LABCOMP","TOT","AGRWTH","A","1999",-1.384858,
"NZL","LABCOMP","TOT","AGRWTH","A","2000",3.542921,
"NZL","LABCOMP","TOT","AGRWTH","A","2001",4.641636,
"NZL","LABCOMP","TOT","AGRWTH","A","2002",3.845996,
"NZL","LABCOMP","TOT","AGRWTH","A","2003",4.477309,
"NZL","LABCOMP","TOT","AGRWTH","A","2004",3.885094,
"NZL","LABCOMP","TOT","AGRWTH","A","2005",4.913789,
"NZL","LABCOMP","TOT","AGRWTH","A","2006",5.062972,
"NZL","LABCOMP","TOT","AGRWTH","A","2007",7.983169,
"NZL","LABCOMP","TOT","AGRWTH","A","2008",3.467022,
"NZL","LABCOMP","TOT","AGRWTH","A","2009",4.824771,
"NZL","LABCOMP","TOT","AGRWTH","A","2010",1.511093,
"NZL","LABCOMP","TOT","AGRWTH","A","2011",3.341462,
"NZL","LABCOMP","TOT","AGRWTH","A","2012",3.614529,
"NZL","LABCOMP","TOT","AGRWTH","A","2013",-1.47221,
"NZL","LABCOMP","TOT","AGRWTH","A","2014",1.701136,
"NZL","LABCOMP","TOT","AGRWTH","A","2015",3.749061,
"NZL","LABCOMP","TOT","AGRWTH","A","2016",5.475834,
"NZL","LABCOMP","TOT","AGRWTH","A","2017",2.380713,
"NZL","LABCOMP","TOT","AGRWTH","A","2018",4.12307,
"LTU","LABCOMP","TOT","AGRWTH","A","1996",33.554982,
"LTU","LABCOMP","TOT","AGRWTH","A","1997",22.365671,
"LTU","LABCOMP","TOT","AGRWTH","A","1998",14.824769,
"LTU","LABCOMP","TOT","AGRWTH","A","1999",3.686457,
"LTU","LABCOMP","TOT","AGRWTH","A","2000",-7.126074,
"LTU","LABCOMP","TOT","AGRWTH","A","2001",7.85257,
"LTU","LABCOMP","TOT","AGRWTH","A","2002",6.240059,
"LTU","LABCOMP","TOT","AGRWTH","A","2003",9.005938,
"LTU","LABCOMP","TOT","AGRWTH","A","2004",7.328732,
"LTU","LABCOMP","TOT","AGRWTH","A","2005",14.004915,
"LTU","LABCOMP","TOT","AGRWTH","A","2006",21.094318,
"LTU","LABCOMP","TOT","AGRWTH","A","2007",12.783759,
"LTU","LABCOMP","TOT","AGRWTH","A","2008",13.050005,
"LTU","LABCOMP","TOT","AGRWTH","A","2009",-5.924777,
"LTU","LABCOMP","TOT","AGRWTH","A","2010",-2.765037,
"LTU","LABCOMP","TOT","AGRWTH","A","2011",7.780344,
"LTU","LABCOMP","TOT","AGRWTH","A","2012",4.225336,
"LTU","LABCOMP","TOT","AGRWTH","A","2013",6.240126,
"LTU","LABCOMP","TOT","AGRWTH","A","2014",4.892073,
"LTU","LABCOMP","TOT","AGRWTH","A","2015",4.473806,
"LTU","LABCOMP","TOT","AGRWTH","A","2016",4.708238,
"LTU","LABCOMP","TOT","AGRWTH","A","2017",12.026473,
"LTU","LABCOMP","TOT","AGRWTH","A","2018",7.194319,
"LTU","LABCOMP","TOT","AGRWTH","A","2019",9.595308,
"EA19","LABCOMP","TOT","AGRWTH","A","1996",2.997142,
"EA19","LABCOMP","TOT","AGRWTH","A","1997",0.368411,
"EA19","LABCOMP","TOT","AGRWTH","A","1998",0.956035,
"EA19","LABCOMP","TOT","AGRWTH","A","1999",3.090195,
"EA19","LABCOMP","TOT","AGRWTH","A","2000",3.54238,
"EA19","LABCOMP","TOT","AGRWTH","A","2001",3.074745,
"EA19","LABCOMP","TOT","AGRWTH","A","2002",3.273631,
"EA19","LABCOMP","TOT","AGRWTH","A","2003",2.687983,
"EA19","LABCOMP","TOT","AGRWTH","A","2004",1.851185,
"EA19","LABCOMP","TOT","AGRWTH","A","2005",2.288403,
"EA19","LABCOMP","TOT","AGRWTH","A","2006",2.142197,
"EA19","LABCOMP","TOT","AGRWTH","A","2007",2.325612,
"EA19","LABCOMP","TOT","AGRWTH","A","2008",3.361313,
"EA19","LABCOMP","TOT","AGRWTH","A","2009",3.51796,
"EA19","LABCOMP","TOT","AGRWTH","A","2010",1.90855,
"EA19","LABCOMP","TOT","AGRWTH","A","2011",1.983137,
"EA19","LABCOMP","TOT","AGRWTH","A","2012",2.753626,
"EA19","LABCOMP","TOT","AGRWTH","A","2013",2.27596,
"EA19","LABCOMP","TOT","AGRWTH","A","2014",1.332583,
"EA19","LABCOMP","TOT","AGRWTH","A","2015",1.27842,
"EA19","LABCOMP","TOT","AGRWTH","A","2016",1.025993,
"EA19","LABCOMP","TOT","AGRWTH","A","2017",2.071997,
"EA19","LABCOMP","TOT","AGRWTH","A","2018",2.152565,
"EA19","LABCOMP","TOT","AGRWTH","A","2019",1.923662,
"ZAF","LABCOMP","TOT","AGRWTH","A","2002",7.955287,
"ZAF","LABCOMP","TOT","AGRWTH","A","2003",13.262029,
"ZAF","LABCOMP","TOT","AGRWTH","A","2004",7.741816,
"ZAF","LABCOMP","TOT","AGRWTH","A","2005",2.59445,
"ZAF","LABCOMP","TOT","AGRWTH","A","2006",10.046241,
"ZAF","LABCOMP","TOT","AGRWTH","A","2007",11.127549,
"ZAF","LABCOMP","TOT","AGRWTH","A","2008",4.247686,
"ZAF","LABCOMP","TOT","AGRWTH","A","2009",13.06518,
"ZAF","LABCOMP","TOT","AGRWTH","A","2010",15.88835,
"ZAF","LABCOMP","TOT","AGRWTH","A","2011",7.205137,
"ZAF","LABCOMP","TOT","AGRWTH","A","2012",6.671617,
"ZAF","LABCOMP","TOT","AGRWTH","A","2013",6.466425,
"ZAF","LABCOMP","TOT","AGRWTH","A","2014",5.817294,
"LVA","LABCOMP","TOT","AGRWTH","A","1996",24.240155,
"LVA","LABCOMP","TOT","AGRWTH","A","1997",6.398599,
"LVA","LABCOMP","TOT","AGRWTH","A","1998",9.030419,
"LVA","LABCOMP","TOT","AGRWTH","A","1999",8.633576,
"LVA","LABCOMP","TOT","AGRWTH","A","2000",9.432279,
"LVA","LABCOMP","TOT","AGRWTH","A","2001",3.731103,
"LVA","LABCOMP","TOT","AGRWTH","A","2002",6.022832,
"LVA","LABCOMP","TOT","AGRWTH","A","2003",12.679826,
"LVA","LABCOMP","TOT","AGRWTH","A","2004",17.770087,
"LVA","LABCOMP","TOT","AGRWTH","A","2005",25.180724,
"LVA","LABCOMP","TOT","AGRWTH","A","2006",22.827737,
"LVA","LABCOMP","TOT","AGRWTH","A","2007",37.104145,
"LVA","LABCOMP","TOT","AGRWTH","A","2008",10.471831,
"LVA","LABCOMP","TOT","AGRWTH","A","2009",-8.732521,
"LVA","LABCOMP","TOT","AGRWTH","A","2010",-5.947751,
"LVA","LABCOMP","TOT","AGRWTH","A","2011",1.648653,
"LVA","LABCOMP","TOT","AGRWTH","A","2012",8.111039,
"LVA","LABCOMP","TOT","AGRWTH","A","2013",5.834196,
"LVA","LABCOMP","TOT","AGRWTH","A","2014",7.835525,
"LVA","LABCOMP","TOT","AGRWTH","A","2015",10.195094,
"LVA","LABCOMP","TOT","AGRWTH","A","2016",7.31275,
"LVA","LABCOMP","TOT","AGRWTH","A","2017",8.540564,
"LVA","LABCOMP","TOT","AGRWTH","A","2018",7.166587,
"LVA","LABCOMP","TOT","AGRWTH","A","2019",10.947567,
"RUS","LABCOMP","TOT","AGRWTH","A","2000",44.297387,
"RUS","LABCOMP","TOT","AGRWTH","A","2001",28.407881,
"RUS","LABCOMP","TOT","AGRWTH","A","2002",28.010297,
"RUS","LABCOMP","TOT","AGRWTH","A","2003",22.497266,
"RUS","LABCOMP","TOT","AGRWTH","A","2004",24.012827,
"RUS","LABCOMP","TOT","AGRWTH","A","2005",19.143168,
"RUS","LABCOMP","TOT","AGRWTH","A","2006",24.11242,
"RUS","LABCOMP","TOT","AGRWTH","A","2007",26.439465,
"RUS","LABCOMP","TOT","AGRWTH","A","2008",25.804784,
"RUS","LABCOMP","TOT","AGRWTH","A","2009",7.994582,
"RUS","LABCOMP","TOT","AGRWTH","A","2010",11.061171,
"RUS","LABCOMP","TOT","AGRWTH","A","2011",19.26393,
"RUS","LABCOMP","TOT","AGRWTH","A","2012",12.973447,
"RUS","LABCOMP","TOT","AGRWTH","A","2013",12.646506,
"RUS","LABCOMP","TOT","AGRWTH","A","2014",10.407932,
"RUS","LABCOMP","TOT","AGRWTH","A","2015",5.328706,
"RUS","LABCOMP","TOT","AGRWTH","A","2016",4.015535,
"RUS","LABCOMP","TOT","AGRWTH","A","2017",5.687178,
"RUS","LABCOMP","TOT","AGRWTH","A","2018",9.859179,
"RUS","LABCOMP","TOT","AGRWTH","A","2019",7.849135,
"CHE","LABCOMP","TOT","AGRWTH","A","1996",2.217406,
"CHE","LABCOMP","TOT","AGRWTH","A","1997",2.427486,
"CHE","LABCOMP","TOT","AGRWTH","A","1998",0.354546,
"CHE","LABCOMP","TOT","AGRWTH","A","1999",-0.894293,
"CHE","LABCOMP","TOT","AGRWTH","A","2000",3.179031,
"CHE","LABCOMP","TOT","AGRWTH","A","2001",5.6518,
"CHE","LABCOMP","TOT","AGRWTH","A","2002",2.519025,
"CHE","LABCOMP","TOT","AGRWTH","A","2003",-0.853071,
"CHE","LABCOMP","TOT","AGRWTH","A","2004",-1.52075,
"CHE","LABCOMP","TOT","AGRWTH","A","2005",2.398475,
"CHE","LABCOMP","TOT","AGRWTH","A","2006",2.538233,
"CHE","LABCOMP","TOT","AGRWTH","A","2007",3.112416,
"CHE","LABCOMP","TOT","AGRWTH","A","2008",2.398054,
"CHE","LABCOMP","TOT","AGRWTH","A","2009",1.862065,
"CHE","LABCOMP","TOT","AGRWTH","A","2010",0.843841,
"CHE","LABCOMP","TOT","AGRWTH","A","2011",1.016578,
"CHE","LABCOMP","TOT","AGRWTH","A","2012",1.406196,
"CHE","LABCOMP","TOT","AGRWTH","A","2013",2.391861,
"CHE","LABCOMP","TOT","AGRWTH","A","2014",-0.438023,
"CHE","LABCOMP","TOT","AGRWTH","A","2015",-1.290651,
"CHE","LABCOMP","TOT","AGRWTH","A","2016",-0.439969,
"CHE","LABCOMP","TOT","AGRWTH","A","2017",1.471788,
"CHE","LABCOMP","TOT","AGRWTH","A","2018",1.906128,
"BGR","LABCOMP","TOT","AGRWTH","A","1996",71.568525,
"BGR","LABCOMP","TOT","AGRWTH","A","1997",851.260957,
"BGR","LABCOMP","TOT","AGRWTH","A","1998",64.52729,
"BGR","LABCOMP","TOT","AGRWTH","A","1999",5.720668,
"BGR","LABCOMP","TOT","AGRWTH","A","2000",12.022253,
"BGR","LABCOMP","TOT","AGRWTH","A","2001",11.815306,
"BGR","LABCOMP","TOT","AGRWTH","A","2002",6.241777,
"BGR","LABCOMP","TOT","AGRWTH","A","2003",5.227888,
"BGR","LABCOMP","TOT","AGRWTH","A","2004",5.642085,
"BGR","LABCOMP","TOT","AGRWTH","A","2005",10.561217,
"BGR","LABCOMP","TOT","AGRWTH","A","2006",6.90086,
"BGR","LABCOMP","TOT","AGRWTH","A","2007",12.652974,
"BGR","LABCOMP","TOT","AGRWTH","A","2008",13.189929,
"BGR","LABCOMP","TOT","AGRWTH","A","2009",12.212405,
"BGR","LABCOMP","TOT","AGRWTH","A","2010",10.006676,
"BGR","LABCOMP","TOT","AGRWTH","A","2011",6.876882,
"BGR","LABCOMP","TOT","AGRWTH","A","2012",7.698705,
"BGR","LABCOMP","TOT","AGRWTH","A","2013",8.767693,
"BGR","LABCOMP","TOT","AGRWTH","A","2014",5.646096,
"BGR","LABCOMP","TOT","AGRWTH","A","2015",5.653516,
"BGR","LABCOMP","TOT","AGRWTH","A","2016",5.900199,
"BGR","LABCOMP","TOT","AGRWTH","A","2017",10.504233,
"BGR","LABCOMP","TOT","AGRWTH","A","2018",9.615823,
"BGR","LABCOMP","TOT","AGRWTH","A","2019",6.044783,
"HRV","LABCOMP","TOT","AGRWTH","A","1996",13.826172,
"HRV","LABCOMP","TOT","AGRWTH","A","1997",15.160738,
"HRV","LABCOMP","TOT","AGRWTH","A","1998",14.194454,
"HRV","LABCOMP","TOT","AGRWTH","A","1999",6.981629,
"HRV","LABCOMP","TOT","AGRWTH","A","2000",8.094915,
"HRV","LABCOMP","TOT","AGRWTH","A","2001",1.769583,
"HRV","LABCOMP","TOT","AGRWTH","A","2002",10.672413,
"HRV","LABCOMP","TOT","AGRWTH","A","2003",7.655979,
"HRV","LABCOMP","TOT","AGRWTH","A","2004",4.864634,
"HRV","LABCOMP","TOT","AGRWTH","A","2005",5.398974,
"HRV","LABCOMP","TOT","AGRWTH","A","2006",2.919196,
"HRV","LABCOMP","TOT","AGRWTH","A","2007",5.209872,
"HRV","LABCOMP","TOT","AGRWTH","A","2008",4.327629,
"HRV","LABCOMP","TOT","AGRWTH","A","2009",0.037507,
"HRV","LABCOMP","TOT","AGRWTH","A","2010",1.099269,
"HRV","LABCOMP","TOT","AGRWTH","A","2011",3.753453,
"HRV","LABCOMP","TOT","AGRWTH","A","2012",1.633512,
"HRV","LABCOMP","TOT","AGRWTH","A","2013",-0.275942,
"HRV","LABCOMP","TOT","AGRWTH","A","2014",-3.847195,
"HRV","LABCOMP","TOT","AGRWTH","A","2015",4.188055,
"HRV","LABCOMP","TOT","AGRWTH","A","2016",0.522535,
"HRV","LABCOMP","TOT","AGRWTH","A","2017",1.063599,
"HRV","LABCOMP","TOT","AGRWTH","A","2018",3.15526,
"HRV","LABCOMP","TOT","AGRWTH","A","2019",2.309226,
"PER","LABCOMP","TOT","AGRWTH","A","2008",7.253222,
"PER","LABCOMP","TOT","AGRWTH","A","2009",2.515489,
"PER","LABCOMP","TOT","AGRWTH","A","2010",9.142796,
"PER","LABCOMP","TOT","AGRWTH","A","2011",8.860072,
"PER","LABCOMP","TOT","AGRWTH","A","2012",7.225927,
"PER","LABCOMP","TOT","AGRWTH","A","2013",6.406538,
"PER","LABCOMP","TOT","AGRWTH","A","2014",5.347524,
"ISL","LABCOMP","TOT","AGRWTH","A","2009",5.850941,
"ISL","LABCOMP","TOT","AGRWTH","A","2010",7.203555,
"ISL","LABCOMP","TOT","AGRWTH","A","2011",7.90652,
"ISL","LABCOMP","TOT","AGRWTH","A","2012",5.550877,
"ISL","LABCOMP","TOT","AGRWTH","A","2013",5.502589,
"ISL","LABCOMP","TOT","AGRWTH","A","2014",4.694741,
"ISL","LABCOMP","TOT","AGRWTH","A","2015",7.999607,
"ISL","LABCOMP","TOT","AGRWTH","A","2016",7.768004,
"ISL","LABCOMP","TOT","AGRWTH","A","2017",6.069573,
"ISL","LABCOMP","TOT","AGRWTH","A","2018",7.180842,
"ISL","LABCOMP","TOT","AGRWTH","A","2019",3.097997,
"ROU","LABCOMP","TOT","AGRWTH","A","1996",50.920055,
"ROU","LABCOMP","TOT","AGRWTH","A","1997",91.408239,
"ROU","LABCOMP","TOT","AGRWTH","A","1998",92.364039,
"ROU","LABCOMP","TOT","AGRWTH","A","1999",40.118611,
"ROU","LABCOMP","TOT","AGRWTH","A","2000",69.476284,
"ROU","LABCOMP","TOT","AGRWTH","A","2001",54.878606,
"ROU","LABCOMP","TOT","AGRWTH","A","2002",17.282009,
"ROU","LABCOMP","TOT","AGRWTH","A","2003",26.404678,
"ROU","LABCOMP","TOT","AGRWTH","A","2004",16.980801,
"ROU","LABCOMP","TOT","AGRWTH","A","2005",28.327579,
"ROU","LABCOMP","TOT","AGRWTH","A","2006",14.972093,
"ROU","LABCOMP","TOT","AGRWTH","A","2007",6.671324,
"ROU","LABCOMP","TOT","AGRWTH","A","2008",36.441906,
"ROU","LABCOMP","TOT","AGRWTH","A","2009",-2.319375,
"ROU","LABCOMP","TOT","AGRWTH","A","2010",9.066075,
"ROU","LABCOMP","TOT","AGRWTH","A","2011",-3.701464,
"ROU","LABCOMP","TOT","AGRWTH","A","2012",5.425848,
"ROU","LABCOMP","TOT","AGRWTH","A","2013",4.443539,
"ROU","LABCOMP","TOT","AGRWTH","A","2014",8.118758,
"ROU","LABCOMP","TOT","AGRWTH","A","2015",2.118216,
"ROU","LABCOMP","TOT","AGRWTH","A","2016",14.3663,
"ROU","LABCOMP","TOT","AGRWTH","A","2017",16.092511,
"ROU","LABCOMP","TOT","AGRWTH","A","2018",13.338876,
"ROU","LABCOMP","TOT","AGRWTH","A","2019",8.83911,
"CRI","LABCOMP","TOT","AGRWTH","A","1992",19.360326,
"CRI","LABCOMP","TOT","AGRWTH","A","1993",16.915047,
"CRI","LABCOMP","TOT","AGRWTH","A","1994",17.061554,
"CRI","LABCOMP","TOT","AGRWTH","A","1995",20.662546,
"CRI","LABCOMP","TOT","AGRWTH","A","1996",16.66396,
"CRI","LABCOMP","TOT","AGRWTH","A","1997",12.120811,
"CRI","LABCOMP","TOT","AGRWTH","A","1998",11.785789,
"CRI","LABCOMP","TOT","AGRWTH","A","1999",16.543399,
"CRI","LABCOMP","TOT","AGRWTH","A","2000",11.577215,
"CRI","LABCOMP","TOT","AGRWTH","A","2001",13.204178,
"CRI","LABCOMP","TOT","AGRWTH","A","2002",11.400188,
"CRI","LABCOMP","TOT","AGRWTH","A","2003",8.681412,
"CRI","LABCOMP","TOT","AGRWTH","A","2004",12.938944,
"CRI","LABCOMP","TOT","AGRWTH","A","2005",5.864029,
"CRI","LABCOMP","TOT","AGRWTH","A","2006",17.901348,
"CRI","LABCOMP","TOT","AGRWTH","A","2007",8.734982,
"CRI","LABCOMP","TOT","AGRWTH","A","2008",16.630232,
"CRI","LABCOMP","TOT","AGRWTH","A","2009",18.238962,
"CRI","LABCOMP","TOT","AGRWTH","A","2010",15.737488,
"CRI","LABCOMP","TOT","AGRWTH","A","2011",10.355548,
"CRI","LABCOMP","TOT","AGRWTH","A","2012",4.6023,
"CRI","LABCOMP","TOT","AGRWTH","A","2013",13.792356,
"CRI","LABCOMP","TOT","AGRWTH","A","2014",6.140209,
"CRI","LABCOMP","TOT","AGRWTH","A","2015",6.916505,
"CRI","LABCOMP","TOT","AGRWTH","A","2016",5.470508,
"CHL","LABCOMP","TOT","AGRWTH","A","2014",7.57624,
"CHL","LABCOMP","TOT","AGRWTH","A","2015",6.03894,
